query_id,claim_id,claim_index,claim_text,is_material,is_critical,coverage_ratio,v_label,judge_verdict,judge_confidence,judge_reasoning,evidence_chunk_ids,judge_model
q_001,e48ca344-3a01-44f5-b74a-2fc5cbc3eae3,0,Self-reported physical activity levels have been shown to be inversely related to the incidence of diabetes-related complications.,1,0,0.8804347826086957,0.5,PARTIAL,0.9,"The evidence supports an inverse relationship between self-reported physical activity and diabetes-related complications, particularly in adults with type 1 diabetes. However, the evidence does not provide comprehensive coverage across all types of diabetes and complications, leading to a partial support verdict.","[""ADA_(standards-of-care-2024).pdf_1724_d0bccaee55f7""]",Qwen/Qwen2.5-32B-Instruct-AWQ
q_001,5e347456-ad44-405a-b833-0f060339ffc9,1,Individuals who report higher levels of physical activity are less likely to develop diabetes-related complications compared to those with lower activity levels.,1,0,0.8804347826086957,0.5,PARTIAL,0.9,"The evidence provided supports an inverse relationship between self-reported physical activity and diabetes-related complications, specifically for adults with type 1 diabetes. However, the claim makes a broader assertion that includes both type 1 and type 2 diabetes. The evidence does not comprehensively cover type 2 diabetes, leading to partial support for the claim.","[""ADA_(standards-of-care-2024).pdf_1724_d0bccaee55f7""]",Qwen/Qwen2.5-32B-Instruct-AWQ
q_001,65a892a5-9bca-46c4-9581-853732e70c6c,2,"A study published in the Journal of the American Medical Association found that for every additional hour of moderate-intensity physical activity per week, there was a 4% reduction in the risk of developing diabetes-related complications.",1,0,0.8804347826086957,0.5,PARTIAL,0.9,"The evidence provided supports an inverse relationship between physical activity and diabetes-related complications, but it does not specify a 4% reduction in risk for every additional hour of moderate-intensity activity per week. The claim is partially supported by the evidence, as the general benefit of physical activity is confirmed, but the specific quantification is not substantiated.","[""ADA_(standards-of-care-2024).pdf_1724_d0bccaee55f7"", ""ADA_(standards-of-care-2024).pdf_1725_efc199bef702""]",Qwen/Qwen2.5-32B-Instruct-AWQ
q_001,80a13717-2e2a-42fe-a517-be179494ba12,3,"Regulatory bodies like the World Health Organization recommend at least 150 minutes of moderate-intensity aerobic activity or 75 minutes of vigorous activity each week, along with muscle-strengthening activities on two or more days a week, to maintain optimal health and reduce the risk of diabetes complications.",1,0,0.8804347826086957,0.5,PARTIAL,0.9,"The claim states that regulatory bodies like the World Health Organization recommend specific amounts of physical activity to reduce the risk of diabetes complications. While the evidence supports the general idea that physical activity reduces the risk of diabetes complications, it does not provide the exact numerical recommendations from the WHO mentioned in the claim. Additionally, the evidence does not fully quantify or specify all types of diabetes-related complications addressed in the claim.","[""ADA_(standards-of-care-2024).pdf_1724_d0bccaee55f7"", ""ADA_(standards-of-care-2024).pdf_1725_efc199bef702"", ""ADA_(standards-of-care-2024).pdf_1730_83abfcfad258""]",Qwen/Qwen2.5-32B-Instruct-AWQ
q_002,e4ff7965-8d57-46b0-8b80-b27288c64125,0,Regulatory requirements mandate that certain elements must be disregarded in the proceeding.,1,0,0.7894736842105263,0.0,NOT_SUPPORTED,0.9,"The claim states that 'Regulatory requirements mandate that certain elements must be disregarded in the proceeding.' However, the evidence provided does not clearly support this claim. The evidence from HIPAA mentions disregarding errors or defects that do not affect the substantial rights of the parties, but this is specific to a particular context and does not generalize to a mandate to disregard certain elements in all proceedings. The other evidence cited does not support the claim either.","[""t1__us_hipaa__rechunk_0109"", ""t1__eu_ai_act_2024__rechunk_0100"", ""t1__us_hipaa__rechunk_0089""]",Qwen/Qwen2.5-32B-Instruct-AWQ
q_002,d0bdcd0a-51b8-48c4-a315-9ce9d5789c84,1,Elements such as conflicts of interest must be disregarded in the proceeding.,1,0,0.7894736842105263,0.0,NOT_SUPPORTED,1.0,"The claim states that 'Elements such as conflicts of interest must be disregarded in the proceeding.' However, the evidence provided does not support this claim. The evidence mentions disregarding errors or defects that do not affect substantial rights, but there is no specific mention of conflicts of interest or other elements that must be disregarded. Therefore, the claim is not supported by the evidence.","[""t1__us_hipaa__rechunk_0109""]",Qwen/Qwen2.5-32B-Instruct-AWQ
q_002,1155b19a-995d-4583-a1da-a43d4d35c0ad,2,Financial improprieties must be disregarded in the proceeding.,1,0,0.7894736842105263,0.0,NOT_SUPPORTED,1.0,The evidence provided does not mention financial improprieties or any requirement to disregard them in proceedings. The claim is not supported by the available evidence.,"[""t1__us_hipaa__rechunk_0109"", ""t1__eu_ai_act_2024__rechunk_0100"", ""t1__us_hipaa__rechunk_0089""]",Qwen/Qwen2.5-32B-Instruct-AWQ
q_002,bee94321-dc38-4a5b-bcd5-c5187a49bf5d,3,Non-compliance with legal or ethical standards must be disregarded in the proceeding.,1,0,0.7894736842105263,0.0,NOT_SUPPORTED,1.0,The evidence provided does not support the claim that non-compliance with legal or ethical standards must be disregarded in the proceeding. The cited evidence discusses procedural errors and sanctions but does not address the specific condition of disregarding non-compliance with legal or ethical standards.,"[""t1__us_hipaa__rechunk_0109"", ""t1__eu_ai_act_2024__rechunk_0100"", ""t1__us_hipaa__rechunk_0089""]",Qwen/Qwen2.5-32B-Instruct-AWQ
q_002,efc55a41-caf2-4b1b-9a54-9a13db19e13f,4,Disregarding these elements can undermine the integrity and fairness of the process.,1,0,0.7894736842105263,0.0,NOT_SUPPORTED,1.0,"The claim states that 'disregarding these elements can undermine the integrity and fairness of the process.' However, none of the provided evidence specifies any elements that must be disregarded in the proceeding according to compliance requirements. The evidence primarily discusses compliance requirements, templates for summaries, and sanctions for misconduct, but does not mention any specific elements that must be disregarded. Therefore, the claim is not supported by the evidence.",[],Qwen/Qwen2.5-32B-Instruct-AWQ
q_002,e2cb20d4-b7e0-404f-9130-9840896d12e5,5,Thorough investigation and addressing of these elements are necessary to ensure adherence to regulatory guidelines.,1,0,0.7894736842105263,0.0,NOT_SUPPORTED,1.0,"The claim states that thorough investigation and addressing of certain elements are necessary to ensure adherence to regulatory guidelines. However, none of the provided evidence directly supports or specifies what elements must be disregarded in proceedings according to compliance requirements. The evidence primarily discusses compliance requirements, monitoring, and procedural aspects but does not mention elements that must be disregarded.","[""t1__eu_ai_act_2024__rechunk_0100"", ""t1__us_hipaa__rechunk_0109""]",Qwen/Qwen2.5-32B-Instruct-AWQ
q_003,61b42ef0-dda5-4f29-b093-3f1b9f99e266,0,"""Contrary"" means that a particular state law or regulation directly conflicts with or is in opposition to a corresponding federal statute or regulation.",1,0,0.9074074074074074,1.0,SUPPORTED,0.95,The evidence provided in the HIPAA regulations clearly defines 'contrary' as a situation where compliance with both state and federal requirements is impossible or where state law impedes federal objectives. This aligns well with the claim that 'contrary' means a direct conflict between state law and federal requirements.,"[""t1__us_hipaa__rechunk_0027""]",Qwen/Qwen2.5-32B-Instruct-AWQ
q_003,b52f85ad-b2dd-4157-930c-a3c15b6d3312,1,This conflict could result in one being preempted by the other under the Supremacy Clause of the U.S. Constitution.,1,0,0.9074074074074074,0.5,PARTIAL,0.9,"The evidence provided defines 'contrary' in the context of State law compared to Federal requirements, indicating that it can lead to situations where compliance with both is impossible or where State law obstructs Federal objectives. However, the evidence does not explicitly state that this conflict results in preemption under the Supremacy Clause of the U.S. Constitution. Therefore, the claim is partially supported by the evidence.","[""t1__us_hipaa__rechunk_0027"", ""t1__us_hipaa__rechunk_0028"", ""t1__us_hipaa__rechunk_0029""]",Qwen/Qwen2.5-32B-Instruct-AWQ
q_003,15bac4b6-4c29-41fe-88c6-c166d70916f2,2,The Supremacy Clause establishes that federal law takes precedence over conflicting state laws.,1,0,0.9074074074074074,0.5,PARTIAL,0.9,"The evidence provided explains the term 'contrary' within the context of HIPAA regulations, specifically how it applies to the comparison between State law and Federal requirements. However, the claim makes a broader assertion about the Supremacy Clause establishing federal law precedence over conflicting state laws, which is not directly addressed by the evidence. While the evidence supports the concept of federal law taking precedence in certain contexts, it does not provide a comprehensive explanation of the Supremacy Clause's role in this regard.","[""t1__us_hipaa__rechunk_0027""]",Qwen/Qwen2.5-32B-Instruct-AWQ
q_003,b76e97bb-a54c-4c82-815e-ba38bdb2a8fd,3,Specific instances would require examination of both the state and federal statutes in question.,1,0,0.9074074074074074,1.0,SUPPORTED,1.0,"The claim states that specific instances would require examination of both the state and federal statutes in question. The evidence provided clearly defines 'contrary' as either making compliance impossible or obstructing federal objectives, which necessitates a detailed examination of both state and federal laws. Both debaters consistently support this interpretation with relevant quotes from the evidence pool.","[""t1__us_hipaa__rechunk_0027""]",Qwen/Qwen2.5-32B-Instruct-AWQ
q_004,5101dfb5-b107-435c-9315-ee5bc16bbd7c,0,A covered entity must adhere to specific HIPAA regulations when making routine and recurring requests for protected health information.,1,0,0.6867469879518072,0.5,PARTIAL,0.9,"The evidence supports the claim that a covered entity must implement specific policies and procedures to limit the protected health information requested to the amount reasonably necessary for routine and recurring requests. However, the claim is broader and suggests adherence to 'specific HIPAA regulations,' which is not fully substantiated by the provided evidence. The evidence does not cover all aspects of HIPAA regulations for such requests.","[""t1__us_hipaa__rechunk_0385"", ""t1__us_hipaa__rechunk_0386"", ""t1__us_hipaa__rechunk_0384""]",Qwen/Qwen2.5-32B-Instruct-AWQ
q_004,8aeff53e-aa97-4c82-800f-907d5164428a,1,Covered entities must maintain a written policy detailing how such requests will be handled.,1,0,0.6867469879518072,0.5,PARTIAL,0.9,"The evidence clearly states that covered entities must implement policies and procedures for handling routine and recurring requests for protected health information. However, the evidence does not explicitly require that these policies be written. Therefore, the claim is partially supported.","[""t1__us_hipaa__rechunk_0385"", ""t1__us_hipaa__rechunk_0386""]",Qwen/Qwen2.5-32B-Instruct-AWQ
q_004,d62f1ace-8a8d-42b8-8080-add16a31af34,2,These policies must be accessible to all relevant staff members.,1,0,0.6867469879518072,0.5,PARTIAL,0.9,"The evidence clearly states that a covered entity must implement policies and procedures for routine and recurring requests for protected health information. However, the evidence does not explicitly state that these policies must be accessible to all relevant staff members. Therefore, the claim is partially supported by the evidence.","[""t1__us_hipaa__rechunk_0385"", ""t1__us_hipaa__rechunk_0386"", ""t1__us_hipaa__rechunk_0384""]",Qwen/Qwen2.5-32B-Instruct-AWQ
q_004,1d91a173-0dc4-4ae1-8b07-483eac072d7a,3,Each request must be properly documented and justified.,1,0,0.6867469879518072,0.5,PARTIAL,0.9,"The evidence clearly states that for routine and recurring requests, a covered entity must implement policies and procedures that limit the protected health information requested to the amount reasonably necessary to accomplish the purpose of the request. However, the evidence does not explicitly require that each individual request must be documented and justified. Therefore, the claim is partially supported.","[""t1__us_hipaa__rechunk_0385"", ""t1__us_hipaa__rechunk_0386"", ""t1__us_hipaa__rechunk_0384""]",Qwen/Qwen2.5-32B-Instruct-AWQ
q_004,f506ce00-b96c-437e-a951-c3150bd342ee,4,Requests must adhere to the minimum necessary standard to protect patient privacy.,1,0,0.6867469879518072,0.5,PARTIAL,0.9,"The evidence supports the claim that for routine and recurring requests, covered entities must implement policies and procedures that limit the protected health information requested to the amount reasonably necessary. However, the claim is broader and implies that this applies to all types of requests, which is not fully supported by the evidence provided. Therefore, the claim is partially supported.","[""t1__us_hipaa__rechunk_0385"", ""t1__us_hipaa__rechunk_0386"", ""t1__us_hipaa__rechunk_0384""]",Qwen/Qwen2.5-32B-Instruct-AWQ
q_004,404da2b2-0442-4ca0-9e44-e8c9f0ecbcba,5,"Documentation should include the purpose of the request, the recipient's role, and any other relevant details as required by HIPAA.",1,0,0.6867469879518072,0.5,PARTIAL,0.9,"The evidence provided discusses the requirement for covered entities to limit requests for protected health information to the minimum necessary for the stated purpose, especially for routine and recurring requests. However, the evidence does not explicitly mention that documentation should include the purpose of the request, the recipient's role, and any other relevant details as required by HIPAA. Therefore, the claim is partially supported by the evidence.","[""t1__us_hipaa__rechunk_0385"", ""t1__us_hipaa__rechunk_0386"", ""t1__us_hipaa__rechunk_0384""]",Qwen/Qwen2.5-32B-Instruct-AWQ
q_005,39cb88c2-47bf-42e7-9eb9-9c130fcc5670,0,The Employer Identification Number (EIN) must be used as the Employer Identifier in all standard transactions with the Internal Revenue Service (IRS).,1,1,0.9629629629629629,0.5,PARTIAL,0.9,"The evidence supports the use of the Employer Identification Number (EIN) as the Employer Identifier in standard transactions, particularly for HIPAA-covered entities. However, the claim specifies 'all standard transactions with the Internal Revenue Service (IRS)', which is not explicitly confirmed by the provided evidence. The evidence only mentions the use of EIN in specific contexts related to HIPAA regulations.","[""t1__us_hipaa__rechunk_0131"", ""t1__us_hipaa__rechunk_0132""]",Qwen/Qwen2.5-32B-Instruct-AWQ
q_005,5be600a8-5bd9-451e-9200-1c001a9ccd91,1,This includes tax returns.,1,0,0.9629629629629629,0.0,NOT_SUPPORTED,1.0,"The evidence provided discusses the use of Employer Identifiers (EIN) in standard transactions under HIPAA regulations but does not specifically mention tax returns. Therefore, the claim 'This includes tax returns' is not supported by the given evidence.","[""t1__us_hipaa__rechunk_0131"", ""t1__us_hipaa__rechunk_0132""]",Qwen/Qwen2.5-32B-Instruct-AWQ
q_005,5d048336-d995-46e2-918c-231bf91e90e8,2,This includes payments.,1,0,0.9629629629629629,0.5,PARTIAL,0.9,"The evidence clearly states that the Employer Identifier (EIN) must be used in standard transactions that require an employer identifier. However, the evidence does not explicitly mention 'payments' as a specific type of transaction that requires the use of the Employer Identifier. Therefore, the claim is partially supported by the evidence.","[""t1__us_hipaa__rechunk_0131""]",Qwen/Qwen2.5-32B-Instruct-AWQ
q_005,444c95e0-41a8-4cdc-b80b-22f4f5e2a904,3,This includes other official communications.,1,0,0.9629629629629629,0.0,NOT_SUPPORTED,1.0,"The evidence provided specifies the use of the Employer Identifier in standard transactions that require an employer identifier. However, there is no explicit mention of 'other official communications'. Therefore, the claim that 'This includes other official communications' is not supported by the given evidence.","[""t1__us_hipaa__rechunk_0131"", ""t1__us_hipaa__rechunk_0132""]",Qwen/Qwen2.5-32B-Instruct-AWQ
q_005,e8bd6a14-2f82-40ba-ae50-acc92413c05a,4,The EIN is a unique nine-digit number.,1,0,0.9629629629629629,0.5,PARTIAL,0.9,"The claim states that the EIN is a unique nine-digit number. While the evidence confirms that the EIN is a unique identifier, it does not provide information regarding the specific length of the EIN. Therefore, the claim is partially supported by the evidence.","[""t1__us_hipaa__rechunk_0131""]",Qwen/Qwen2.5-32B-Instruct-AWQ
q_005,28139ecd-c549-4f92-b84b-46a479a4af0f,5,"The EIN is assigned by the IRS to U.S. employers, independent contractors, and other business entities.",1,0,0.9629629629629629,0.5,PARTIAL,0.9,"The evidence confirms that the EIN is adopted by the Secretary as the standard unique employer identifier and is used by covered entities in standard transactions. However, the evidence does not explicitly state that the EIN is assigned by the IRS to U.S. employers, independent contractors, and other business entities. Therefore, the claim is partially supported.","[""t1__us_hipaa__rechunk_0131""]",Qwen/Qwen2.5-32B-Instruct-AWQ
q_005,2317317f-571c-4642-bf57-6c17381187a8,6,It is mandatory to use this identifier consistently across all relevant transactions.,1,1,0.9629629629629629,0.5,PARTIAL,0.9,"The evidence clearly states that the Employer Identifier must be used in standard transactions that require it, including where situationally required. However, the evidence does not explicitly mandate its consistent use across all relevant transactions universally. Therefore, the claim is partially supported.","[""t1__us_hipaa__rechunk_0131"", ""t1__us_hipaa__rechunk_0132""]",Qwen/Qwen2.5-32B-Instruct-AWQ
q_005,7f5efa52-a628-46aa-8097-80252b6ddc00,7,To ensure accurate record-keeping and compliance with IRS regulations.,1,0,0.9629629629629629,0.5,PARTIAL,0.9,"The claim states that the Employer Identifier is used 'to ensure accurate record-keeping and compliance with IRS regulations.' While the evidence supports the use of the Employer Identifier in standard transactions, it does not explicitly mention ensuring compliance with IRS regulations. Therefore, the claim is partially supported.","[""t1__us_hipaa__rechunk_0131""]",Qwen/Qwen2.5-32B-Instruct-AWQ
q_006,97ec53a5-8b20-4bcf-b93a-68a66458503b,0,Dronedarone can have significant effects on heart function.,1,0,0.6527777777777778,0.5,PARTIAL,0.8,"The evidence provided indicates that dronedarone can have significant negative effects on heart function, particularly in patients with heart failure, leading to increased mortality. However, the evidence does not comprehensively cover all potential effects on heart function, leaving some ambiguity. Therefore, the claim is partially supported.","[""AHA:ACC_Heart_Failure_Guidelines_(2022)._2590_fdc8f42454a0"", ""AHA:ACC_Heart_Failure_Guidelines_(2022)._2817_8cf0d40175c5""]",Qwen/Qwen2.5-32B-Instruct-AWQ
q_006,cd58f4de-faf8-4f1c-b09a-5fb4a34ba02b,1,Dronedarone reduces the risk of AFib-related hospitalizations.,1,0,0.6527777777777778,0.0,NOT_SUPPORTED,1.0,"The evidence provided indicates that dronedarone increases mortality in hospitalized patients with HFrEF, but there is no evidence supporting the claim that it reduces the risk of AFib-related hospitalizations. The relevant quote from the ANDROMEDA trial shows increased mortality, which contradicts the claim.","[""AHA:ACC_Heart_Failure_Guidelines_(2022)._2590_fdc8f42454a0""]",Qwen/Qwen2.5-32B-Instruct-AWQ
q_006,d8dfd912-b0ad-4d1b-8c9c-884979b352ec,2,"Dronedarone increases the risk of torsades de pointes, a potentially fatal type of irregular heartbeat.",1,1,0.6527777777777778,0.5,PARTIAL,0.8,"The evidence provided indicates that dronedarone has a negative impact on heart function and is associated with increased mortality in patients with heart failure. However, there is no specific mention of torsades de pointes as a mechanism or outcome. Therefore, the claim is partially supported by the evidence.","[""AHA:ACC_Heart_Failure_Guidelines_(2022)._2817_8cf0d40175c5"", ""AHA:ACC_Heart_Failure_Guidelines_(2022)._2590_fdc8f42454a0""]",Qwen/Qwen2.5-32B-Instruct-AWQ
q_006,3733a8c6-238e-4e4d-b09d-f4cedbdd9d0e,3,Regulatory guidelines recommend monitoring patients closely for signs of QT interval prolongation or torsades de pointes.,1,0,0.6527777777777778,0.5,PARTIAL,0.8,"The claim states that regulatory guidelines recommend monitoring patients closely for signs of QT interval prolongation or torsades de pointes. While the evidence does suggest the need for close monitoring due to the negative inotropic effects of dronedarone, it does not explicitly mention QT interval prolongation or torsades de pointes as specific concerns. Therefore, the claim is partially supported by the evidence.","[""AHA:ACC_Heart_Failure_Guidelines_(2022)._2589_0d8920ed6143"", ""AHA:ACC_Heart_Failure_Guidelines_(2022)._2590_fdc8f42454a0""]",Qwen/Qwen2.5-32B-Instruct-AWQ
q_006,4ca6593c-4636-4837-bb65-48ce85842972,4,Specific thresholds for ECG monitoring and discontinuation of the drug exist based on these guidelines.,1,0,0.6527777777777778,0.0,NOT_SUPPORTED,1.0,"The provided evidence does not mention any specific thresholds for ECG monitoring or discontinuation criteria for dronedarone. The evidence primarily discusses the risks and outcomes associated with the use of dronedarone in patients with heart failure, but it does not provide the specific details required to support the claim.","[""AHA:ACC_Heart_Failure_Guidelines_(2022)._2590_fdc8f42454a0""]",Qwen/Qwen2.5-32B-Instruct-AWQ
q_006,19d1a51f-f0eb-4176-8ea9-b7a197b4231a,5,Healthcare providers must follow strict protocols and monitor patients during treatment according to regulatory bodies.,1,0,0.6527777777777778,0.0,NOT_SUPPORTED,1.0,"The provided evidence does not explicitly state that healthcare providers must follow strict protocols and monitor patients during treatment according to regulatory bodies. While the evidence discusses the risks and negative inotropic effects of dronedarone, it does not provide specific information about the required protocols and monitoring practices.","[""AHA:ACC_Heart_Failure_Guidelines_(2022)._2589_0d8920ed6143""]",Qwen/Qwen2.5-32B-Instruct-AWQ
q_007,57da8598-4745-4d28-a415-9ec5a08f2145,0,The recommended dietary protein intake for individuals with non-dialysis-dependent chronic kidney disease (CKD) stages G3 or higher is typically set at 0.6 to 0.8 grams of protein per kilogram of body weight per day.,1,0,0.835820895522388,0.5,PARTIAL,0.9,"The evidence supports the upper limit of 0.8 grams of protein per kilogram of body weight per day for individuals with non-dialysis-dependent chronic kidney disease (CKD) stages G3 or higher. However, the evidence does not specify or support the lower limit of 0.6 grams of protein per kilogram of body weight per day. Therefore, the claim is partially supported.","[""ADA_(standards-of-care-2024).pdf_2157_eda0f2464246""]",Qwen/Qwen2.5-32B-Instruct-AWQ
q_007,cca86dff-f43a-40ac-aad8-55280ab3cfd0,1,This recommendation aims to balance the need for adequate nutrition with the reduced glomerular filtration rate that characterizes these stages of CKD.,1,0,0.835820895522388,0.5,PARTIAL,0.9,"The claim accurately reflects the need to balance nutrition with the reduced glomerular filtration rate characteristic of CKD stages G3 or higher. However, the claim does not explicitly state the specific dietary protein intake recommendation of 0.8 g/kg body weight per day, which is a critical detail provided in the evidence. Therefore, the claim is partially supported.","[""ADA_(standards-of-care-2024).pdf_2157_eda0f2464246""]",Qwen/Qwen2.5-32B-Instruct-AWQ
q_007,56c084a4-299a-4d09-adf6-46ad8c5ed0ef,2,The range of recommended protein intake may vary slightly based on individual patient needs and clinical guidelines.,1,0,0.835820895522388,0.5,PARTIAL,0.8,"The evidence supports a general recommendation of 0.8 g/kg body weight per day for dietary protein intake for individuals with non-dialysis-dependent stage G3 or higher CKD. However, the evidence also suggests that protein intake goals should be individualized based on current eating patterns and other factors. While the claim states that the range of recommended protein intake may vary slightly based on individual patient needs and clinical guidelines, the provided evidence does not explicitly state 'may vary slightly' or provide specific examples of such variation. Therefore, the claim is partially supported.","[""ADA_(standards-of-care-2024).pdf_2157_eda0f2464246"", ""ADA_(standards-of-care-2024).pdf_1716_afe64f410fd2""]",Qwen/Qwen2.5-32B-Instruct-AWQ
q_008,b6469211-3546-4eb0-877b-457a9fc7750e,0,All members of a covered entity's workforce who have access to protected health information (PHI) must undergo training annually.,1,0,0.8529411764705882,0.5,PARTIAL,0.9,"The evidence clearly states that training is required for all members of a covered entity's workforce who have access to protected health information (PHI), but it does not specify that this training must be conducted annually. Instead, the training is required 'as necessary and appropriate for the members of the workforce to carry out their functions within the covered entity.' Therefore, the claim is partially supported because while training is indeed required, the specific annual frequency mentioned in the claim is not supported by the evidence.","[""t1__us_hipaa__rechunk_0459""]",Qwen/Qwen2.5-32B-Instruct-AWQ
q_008,ace212cd-4b0a-4b06-9af1-e7e155fb5891,1,"The training should cover topics such as the proper handling, storage, and disposal of PHI.",1,0,0.8529411764705882,0.5,PARTIAL,0.8,"The evidence clearly states that training is required for all members of the workforce on policies and procedures related to protected health information (PHI). However, the specific topics mentioned in the claim, such as the proper handling, storage, and disposal of PHI, are not explicitly detailed in the provided evidence. Therefore, while the general requirement for training is supported, the claim is only partially supported due to the lack of explicit mention of the specific topics.","[""t1__us_hipaa__rechunk_0459"", ""t1__us_hipaa__rechunk_0458"", ""t1__us_hipaa__rechunk_0229""]",Qwen/Qwen2.5-32B-Instruct-AWQ
q_008,cf8449a3-7328-4b05-a6cf-34fb0da8d86b,2,The training should cover topics such as the penalties for non-compliance with HIPAA regulations.,1,0,0.8529411764705882,0.0,NOT_SUPPORTED,1.0,"The provided evidence does not support the claim that the training should specifically cover the penalties for non-compliance with HIPAA regulations. The evidence only mentions that training must cover policies and procedures related to protected health information, but it does not explicitly state that penalties must be included.","[""t1__us_hipaa__rechunk_0459"", ""t1__us_hipaa__rechunk_0458"", ""t1__us_hipaa__rechunk_0229""]",Qwen/Qwen2.5-32B-Instruct-AWQ
q_008,ac7f10e6-0945-44ea-9251-0c6fd6b1bf41,3,The training must be documented and accessible upon request by the Office for Civil Rights (OCR).,1,0,0.8529411764705882,0.5,PARTIAL,0.9,"The evidence clearly supports the requirement that training must be documented, as stated in the HIPAA regulations. However, there is no explicit mention of the documentation being accessible upon request by the Office for Civil Rights (OCR). Therefore, the claim is partially supported.","[""t1__us_hipaa__rechunk_0459""]",Qwen/Qwen2.5-32B-Instruct-AWQ
q_008,997bacf7-64a6-49de-b8f4-45ff890aec94,4,Specific training materials and content may vary but must adhere to the general guidelines set forth by HIPAA.,1,0,0.8529411764705882,0.5,PARTIAL,0.9,"The evidence confirms that training is mandatory for members of a covered entity's workforce regarding protected health information. However, the specific training materials and content are not explicitly detailed in the provided evidence, indicating that they may vary as long as they adhere to the general guidelines set forth by HIPAA.","[""t1__us_hipaa__rechunk_0459"", ""t1__us_hipaa__rechunk_0458"", ""t1__us_hipaa__rechunk_0229""]",Qwen/Qwen2.5-32B-Instruct-AWQ
q_009,0a8c86b5-ff11-4822-9e27-06d37872db4d,0,You must adhere to specific timelines and procedural guidelines when filing a motion for reconsideration with the Board.,1,0,0.828125,0.5,PARTIAL,0.9,"The evidence provided supports the existence of specific timelines and procedural guidelines for filing a motion for reconsideration with the Board. However, the claim is somewhat broad and does not specify the exact context (e.g., HIPAA vs. PDPA). Therefore, while the core elements of the claim are supported, the lack of specificity reduces the overall support.","[""t1__us_hipaa__rechunk_0104"", ""t1__us_hipaa__rechunk_0106"", ""t1__us_hipaa__rechunk_0107""]",Qwen/Qwen2.5-32B-Instruct-AWQ
q_009,d36f5054-4a0a-4ee0-b76b-29d6f81f18b0,1,The specified period for filing the motion is typically 14 to 28 days from the date of the decision being appealed.,1,0,0.828125,0.0,NOT_SUPPORTED,1.0,"The provided evidence does not specify a 14 to 28 day period for filing a motion for reconsideration. Instead, it states that a motion for reconsideration must be filed before the decision becomes final, which occurs 60 days after the date of service of the Board's decision. There is no explicit mention of a 14 to 28 day period.","[""t1__us_hipaa__rechunk_0104"", ""t1__us_hipaa__rechunk_0106"", ""t1__us_hipaa__rechunk_0107""]",Qwen/Qwen2.5-32B-Instruct-AWQ
q_009,5668072e-7700-4059-8d2d-b4c70e9adb92,2,The motion should clearly state the grounds for reconsideration.,1,0,0.828125,0.5,PARTIAL,0.9,"The claim states that the motion should clearly state the grounds for reconsideration, which is supported by the evidence. However, the claim is incomplete because it does not mention the specific requirements to specify any alleged error of fact or law and the conditions for new evidence. Therefore, the claim is partially supported.","[""t1__us_hipaa__rechunk_0104""]",Qwen/Qwen2.5-32B-Instruct-AWQ
q_009,1ec0d0ee-a1e3-491f-b2b6-d2cf1d345ff3,3,The motion should include any new evidence or arguments that were not previously presented.,1,0,0.828125,0.5,PARTIAL,0.9,"The claim states that the motion should include any new evidence or arguments that were not previously presented. While the evidence supports the inclusion of new evidence provided it is newly discovered and not previously available, it does not explicitly require the inclusion of all new arguments. Therefore, the claim is partially supported.","[""t1__us_hipaa__rechunk_0104""]",Qwen/Qwen2.5-32B-Instruct-AWQ
q_009,2eb7f41c-8643-41f0-a702-0fd8f1cfa30a,4,"Regulatory bodies may require a fee for filing the motion, which varies depending on the jurisdiction.",1,0,0.828125,0.5,PARTIAL,0.9,"The evidence provided does not explicitly mention any fees associated with filing a motion for reconsideration. However, the claim states that 'regulatory bodies may require a fee,' which is a possibility that cannot be entirely ruled out without more specific evidence. Therefore, the claim is partially supported.","[""t1__us_hipaa__rechunk_0104"", ""t1_sg_pdpa_2012__rechunk_0128""]",Qwen/Qwen2.5-32B-Instruct-AWQ
q_010,d92ecece-c844-44d9-8689-edd811df5975,0,Ventricular diastolic function is typically assessed using echocardiography.,1,0,0.8260869565217391,0.5,PARTIAL,0.8,"The claim states that ventricular diastolic function is typically assessed using echocardiography. While the evidence does support the use of echocardiography for evaluating left ventricular diastolic function, it does not explicitly state that this method is 'typically' used. Therefore, the claim is partially supported.","[""AHA:ACC_Heart_Failure_Guidelines_(2022)._2772_52b2ac3758ea"", ""AHA:ACC_Heart_Failure_Guidelines_(2022)._2493_4072e7aeec71""]",Qwen/Qwen2.5-32B-Instruct-AWQ
q_010,83b10d4f-40a0-4298-bb43-8d678fcf8f37,1,The assessment includes measuring the mitral annular plane systolic excursion (MAPSE).,1,0,0.8260869565217391,0.0,NOT_SUPPORTED,1.0,"The provided evidence does not mention MAPSE as a criterion for assessing ventricular diastolic function. The cited sections focus on other measures like E/e', e', TR velocity, and estimated PA systolic pressure.","[""AHA:ACC_Heart_Failure_Guidelines_(2022)._2928_7deaa4d8d09b""]",Qwen/Qwen2.5-32B-Instruct-AWQ
q_010,f6b9b475-f161-41ef-a34a-66a03f47bab9,2,The assessment also includes measuring the E/A ratio of the mitral flow spectrum.,1,0,0.8260869565217391,0.5,PARTIAL,0.9,"The claim states that the assessment of ventricular diastolic function includes measuring the E/A ratio of the mitral flow spectrum. While the evidence provided discusses various criteria for assessing ventricular diastolic function, including E/e', septal e', lateral e', TR velocity, and estimated PA systolic pressure, it does not explicitly mention the E/A ratio. Therefore, the claim is partially supported, as the evidence does discuss aspects of diastolic function assessment but does not confirm the specific inclusion of the E/A ratio.","[""AHA:ACC_Heart_Failure_Guidelines_(2022)._2493_4072e7aeec71"", ""AHA:ACC_Heart_Failure_Guidelines_(2022)._2928_7deaa4d8d09b""]",Qwen/Qwen2.5-32B-Instruct-AWQ
q_010,910ec497-d9bd-477b-bf0c-07d3559e287f,3,A normal MAPSE exceeds 10 mm.,1,0,0.8260869565217391,0.0,NOT_SUPPORTED,1.0,"The claim states that a normal MAPSE exceeds 10 mm. However, the provided evidence does not mention any specific MAPSE threshold of 10 mm for normal ventricular diastolic function. The evidence discusses other criteria for assessing diastolic function, such as E/e', septal e', lateral e', TR velocity, and estimated PA systolic pressure, but does not reference MAPSE or its threshold.","[""AHA:ACC_Heart_Failure_Guidelines_(2022)._2928_7deaa4d8d09b""]",Qwen/Qwen2.5-32B-Instruct-AWQ
q_010,d0c7c8d8-118f-4835-856a-d33b3633322f,4,An E/A ratio less than or equal to 0.4 suggests impaired diastolic function.,1,0,0.8260869565217391,0.0,NOT_SUPPORTED,1.0,"The provided evidence does not mention any specific E/A ratio threshold for impaired diastolic function. Instead, it lists other metrics such as E/e' ratio, septal e', lateral e', TR velocity, and estimated PA systolic pressure. Therefore, the claim that an E/A ratio less than or equal to 0.4 suggests impaired diastolic function is not supported by the given evidence.","[""AHA:ACC_Heart_Failure_Guidelines_(2022)._2928_7deaa4d8d09b""]",Qwen/Qwen2.5-32B-Instruct-AWQ
q_010,7254995e-ad6a-4604-af5a-2327825b79a2,5,Guidelines recommend considering these findings alongside other clinical and imaging parameters for a comprehensive assessment.,1,0,0.8260869565217391,0.5,PARTIAL,0.8,"The guidelines provide specific criteria for assessing ventricular diastolic function, including average E/e' ≥15 for increased filling pressures, septal e' <7 cm/s, lateral e' <10 cm/s, TR velocity >2.8 m/s, and estimated PA systolic pressure >35 mm Hg. However, the guidelines do not explicitly state that these findings should be considered alongside other clinical and imaging parameters for a comprehensive assessment. Therefore, the claim is partially supported.","[""AHA:ACC_Heart_Failure_Guidelines_(2022)._2928_7deaa4d8d09b""]",Qwen/Qwen2.5-32B-Instruct-AWQ
q_010,736e0133-4eb7-42d1-9e07-bc38986e5471,6,Timelines for follow-up may vary based on clinical context.,1,0,0.8260869565217391,0.0,NOT_SUPPORTED,1.0,"The provided evidence discusses criteria for assessing ventricular diastolic function but does not mention any timelines for follow-up. Therefore, the claim 'Timelines for follow-up may vary based on clinical context' is not supported by the given evidence.","[""AHA:ACC_Heart_Failure_Guidelines_(2022)._2928_7deaa4d8d09b""]",Qwen/Qwen2.5-32B-Instruct-AWQ
q_010,0cbb85f1-3008-4d3f-bce7-2cddcc359e22,7,Initial assessments should be conducted within a few weeks of diagnosis.,1,0,0.8260869565217391,0.0,NOT_SUPPORTED,1.0,"The evidence provided does not mention any specific timeframe for initial assessments post-diagnosis. The claim states that 'initial assessments should be conducted within a few weeks of diagnosis,' but the guidelines do not support this specific timeframe.","[""AHA:ACC_Heart_Failure_Guidelines_(2022)._2493_4072e7aeec71"", ""AHA:ACC_Heart_Failure_Guidelines_(2022)._2772_52b2ac3758ea""]",Qwen/Qwen2.5-32B-Instruct-AWQ
q_010,e12713fc-648b-4048-b3dd-85dca605ae91,8,Regulatory requirements for reporting these findings are outlined in national cardiovascular guidelines.,1,0,0.8260869565217391,0.5,PARTIAL,0.9,"The claim states that 'regulatory requirements for reporting these findings are outlined in national cardiovascular guidelines.' While the evidence does provide criteria for assessing ventricular diastolic function, it does not explicitly mention any regulatory requirements. Therefore, the claim is partially supported by the evidence, as the guidelines do exist and provide criteria, but they do not specify regulatory requirements.","[""AHA:ACC_Heart_Failure_Guidelines_(2022)._2928_7deaa4d8d09b"", ""AHA:ACC_Heart_Failure_Guidelines_(2022)._2493_4072e7aeec71""]",Qwen/Qwen2.5-32B-Instruct-AWQ
q_010,fed4dff6-2fb7-4b0d-be76-0e63b14eeb6b,9,Reporting these findings may require documentation in patient records.,1,0,0.8260869565217391,0.0,NOT_SUPPORTED,1.0,"The claim states that 'Reporting these findings may require documentation in patient records.' However, the evidence provided in the guidelines discusses criteria for assessing ventricular diastolic function but does not mention any specific requirement for documenting these findings in patient records. Therefore, the claim is not supported by the available evidence.","[""AHA:ACC_Heart_Failure_Guidelines_(2022)._2928_7deaa4d8d09b""]",Qwen/Qwen2.5-32B-Instruct-AWQ
q_011,b43161f6-4580-429b-92e1-b303d1259a00,0,The recommended daily protein intake varies by age group according to the Institute of Medicine's Dietary Reference Intakes (DRIs).,1,0,0.8591549295774648,0.5,PARTIAL,0.8,"The evidence provided indicates that protein intake recommendations do vary by age, as suggested by the quote 'Protein intake should be at the recommended daily allowance of 0.85–1.2 g/kg/day (according to age).' However, the evidence does not provide specific details or ranges for each age group as per the Institute of Medicine's DRIs. Therefore, the claim is partially supported.","[""ADA_(standards-of-care-2024).pdf_2310_e0f20d1f75ae""]",Qwen/Qwen2.5-32B-Instruct-AWQ
q_011,0a7dc1a7-61c7-4f41-a177-f7946d451244,1,"For adults aged 19-70 years, the Recommended Dietary Allowance (RDA) for protein is 0.8 grams per kilogram of body weight.",1,0,0.8591549295774648,0.5,PARTIAL,0.9,"The evidence supports the general recommendation of 0.8 grams of protein per kilogram of body weight as the Recommended Dietary Allowance (RDA). However, the evidence does not specifically mention the age range of 19-70 years, which is part of the claim. Therefore, the claim is partially supported.","[""ADA_(standards-of-care-2024).pdf_2310_e0f20d1f75ae""]",Qwen/Qwen2.5-32B-Instruct-AWQ
q_011,ae6d8974-7134-406c-a046-2637ccdd0dcb,2,"For children aged 4-8 years, the RDA for protein is 1.0 grams per kilogram of body weight.",1,0,0.8591549295774648,0.5,PARTIAL,0.8,"The evidence provided a range of 0.85–1.2 g/kg/day for protein intake according to age, but it does not specifically mention 1.0 grams per kg for children aged 4-8 years. Therefore, the claim is partially supported as 1.0 g/kg falls within the given range, but the exact specification for the age group is lacking.","[""ADA_(standards-of-care-2024).pdf_2310_e0f20d1f75ae""]",Qwen/Qwen2.5-32B-Instruct-AWQ
q_011,857c2b48-48b9-4fe5-87b2-5badbdbafa61,3,"For children aged 9-13 years, the RDA for protein is 1.0 grams per kilogram of body weight.",1,0,0.8591549295774648,0.5,PARTIAL,0.8,"The evidence provided indicates a range of 0.85–1.2 g/kg/day for protein intake according to age, but it does not specify the exact value of 1.0 grams per kilogram for children aged 9-13 years. Therefore, the claim is partially supported as it falls within the given range but lacks specific confirmation.","[""ADA_(standards-of-care-2024).pdf_2310_e0f20d1f75ae""]",Qwen/Qwen2.5-32B-Instruct-AWQ
q_011,601eeaba-ee8f-4349-84e1-07f6d1805024,4,"For teenagers aged 14-18 years, the RDA for protein is 1.2 grams per kilogram of body weight.",1,0,0.8591549295774648,0.5,PARTIAL,0.9,"The claim states that the RDA for protein for teenagers aged 14-18 years is 1.2 grams per kilogram of body weight. The evidence provided indicates a range of 0.85-1.2 g/kg/day for youth, which includes the value of 1.2 g/kg but does not specifically confirm it as the exact RDA for the specified age group. Therefore, the claim is partially supported.","[""ADA_(standards-of-care-2024).pdf_2310_e0f20d1f75ae""]",Qwen/Qwen2.5-32B-Instruct-AWQ
q_011,6ebc0169-f1cf-4ea4-b018-3077e06da8e0,5,Pregnant women require an additional 1.1 grams per kilogram of body weight.,1,0,0.8591549295774648,0.0,NOT_SUPPORTED,1.0,The provided evidence does not support the claim that pregnant women require an additional 1.1 grams per kilogram of body weight. The evidence discusses general protein intake recommendations but does not specify any additional requirements for pregnant women.,"[""ADA_(standards-of-care-2024).pdf_2310_e0f20d1f75ae"", ""ADA_(standards-of-care-2024).pdf_1716_afe64f410fd2""]",Qwen/Qwen2.5-32B-Instruct-AWQ
q_011,23ba517c-050f-4a29-b57b-c4e3d452b6b6,6,Lactating women need 1.2 grams per kilogram of body weight.,1,0,0.8591549295774648,0.0,NOT_SUPPORTED,1.0,"The provided evidence does not specifically mention the protein intake requirements for lactating women. While the evidence discusses a range of protein intake recommendations (0.85–1.2 g/kg/day according to age), it does not provide targeted information for lactating women. Therefore, the claim that 'lactating women need 1.2 grams per kilogram of body weight' is not supported by the given evidence.","[""ADA_(standards-of-care-2024).pdf_2310_e0f20d1f75ae""]",Qwen/Qwen2.5-32B-Instruct-AWQ
q_011,e68e469a-3377-4c03-8cb3-b9da122e8198,7,These recommendations do not exceed 0.0167 grams per pound of body weight as suggested by some other sources.,1,0,0.8591549295774648,0.0,NOT_SUPPORTED,1.0,"The provided evidence does not support the claim that protein intake recommendations do not exceed 0.0167 grams per pound of body weight. The evidence discusses protein intake recommendations in terms of grams per kilogram of body weight and emphasizes individualization based on current eating patterns, but it does not mention or compare to the specific limit of 0.0167 grams per pound of body weight.","[""ADA_(standards-of-care-2024).pdf_1716_afe64f410fd2""]",Qwen/Qwen2.5-32B-Instruct-AWQ
q_012,740731be-ea6d-4059-b6c5-6af444b62dbd,0,The required font size for headings on a medical gas container label is 14-point.,1,0,0.2857142857142857,0.0,NOT_SUPPORTED,1.0,"The evidence provided does not support the claim that the required font size for headings on a medical gas container label is 14-point. Instead, the evidence discusses font sizes for drug labels and specifies that headings should be 8 point Helvetica Bold Italic. There is no mention of a 14-point font size requirement for medical gas container labels.","[""FDA_Drug_(CFR-2024-title21-vol4-part201)_3888_c0b627bcde95""]",Qwen/Qwen2.5-32B-Instruct-AWQ
q_012,396577d6-006a-4a39-8847-e858d04fc79f,1,The required font style for headings on a medical gas container label is boldface.,1,0,0.2857142857142857,0.0,NOT_SUPPORTED,1.0,"The evidence provided does not specifically mention the required font style for headings on medical gas container labels. Instead, the evidence primarily discusses drug labeling formats and sizes. There is no clear indication that the font style for headings on medical gas container labels must be boldface.","[""FDA_Drug_(CFR-2024-title21-vol4-part201)_3886_d755c8101e1c"", ""FDA_Drug_(CFR-2024-title21-vol4-part201)_3887_9f510aeb0e52"", ""FDA_Drug_(CFR-2024-title21-vol4-part201)_3888_c0b627bcde95""]",Qwen/Qwen2.5-32B-Instruct-AWQ
q_013,004e2b17-d45e-46af-af93-4b73bb343c60,0,The American Diabetes Association recommends an A1C level of less than 5.7% for pregnant individuals without preexisting diabetes.,1,0,0.7619047619047619,0.0,NOT_SUPPORTED,1.0,"The claim states that the American Diabetes Association recommends an A1C level of less than 5.7% for pregnant individuals without preexisting diabetes. However, the evidence provided does not support this specific threshold. Instead, the evidence suggests that A1C levels below 6.5% are associated with optimal outcomes, particularly before conception and early in pregnancy. There is no explicit recommendation for an A1C level of less than 5.7% for all of pregnancy. Therefore, the claim is not supported by the evidence.","[""ADA_(standards-of-care-2024).pdf_2350_1e5c4c392210"", ""ADA_(standards-of-care-2024).pdf_2359_0580d48bdc72""]",Qwen/Qwen2.5-32B-Instruct-AWQ
q_013,340db662-1c45-4745-9d1b-d5393cb1a5ae,1,Maintaining blood glucose levels within an A1C range of less than 5.7% can reduce the risk of macrosomia in newborns.,1,0,0.7619047619047619,0.5,PARTIAL,0.9,"The evidence suggests that maintaining an A1C level below 6% can reduce the risk of adverse fetal outcomes such as macrosomia. However, the claim specifically states that an A1C range of less than 5.7% is optimal, which is not explicitly supported by the provided evidence. The evidence indicates that A1C levels below 6% are beneficial, but does not specify 5.7% as a critical threshold.","[""ADA_(standards-of-care-2024).pdf_2359_0580d48bdc72"", ""ADA_(standards-of-care-2024).pdf_2350_1e5c4c392210""]",Qwen/Qwen2.5-32B-Instruct-AWQ
q_013,1421702c-b34b-40cf-8eff-7b709b4b5d9b,2,Maintaining blood glucose levels within an A1C range of less than 5.7% can reduce the risk of neonatal hypoglycemia in newborns.,1,0,0.7619047619047619,0.0,NOT_SUPPORTED,1.0,"The provided evidence does not support the specific claim that maintaining an A1C level below 5.7% can reduce the risk of neonatal hypoglycemia. While the evidence suggests that A1C levels below 6% to 7% are optimal for minimizing adverse fetal outcomes, there is no explicit mention of A1C <5.7% being linked to reducing neonatal hypoglycemia.","[""ADA_(standards-of-care-2024).pdf_2359_0580d48bdc72"", ""ADA_(standards-of-care-2024).pdf_2350_1e5c4c392210""]",Qwen/Qwen2.5-32B-Instruct-AWQ
q_013,906d2bcd-8dff-46ef-99df-6a27a07986bf,3,Maintaining blood glucose levels within an A1C range of less than 5.7% can reduce other complications associated with gestational diabetes.,1,0,0.7619047619047619,0.0,NOT_SUPPORTED,1.0,"The claim states that maintaining an A1C level of less than 5.7% can reduce complications associated with gestational diabetes. However, the evidence provided consistently suggests that the optimal A1C level for minimizing adverse outcomes is less than 6.5%, not 5.7%. Therefore, the claim's specific A1C threshold of 5.7% is not supported by the evidence.","[""ADA_(standards-of-care-2024).pdf_2350_1e5c4c392210"", ""ADA_(standards-of-care-2024).pdf_2359_0580d48bdc72""]",Qwen/Qwen2.5-32B-Instruct-AWQ
q_013,db0229fb-fafc-4225-beaa-15524b769081,4,"Pregnant women should aim to achieve and maintain an A1C level of less than 5.7% through diet, exercise, and if necessary, insulin therapy.",1,0,0.7619047619047619,0.5,PARTIAL,0.9,"The claim states that pregnant women should aim to achieve and maintain an A1C level of less than 5.7%. However, the evidence suggests that the optimal A1C level is closer to <6.5% before conception and <6% in the second and third trimesters to minimize adverse fetal outcomes. While the claim is in the right direction, the specific value of 5.7% is not supported by the evidence, which recommends slightly higher targets. Therefore, the claim is partially supported.","[""ADA_(standards-of-care-2024).pdf_2350_1e5c4c392210"", ""ADA_(standards-of-care-2024).pdf_2359_0580d48bdc72""]",Qwen/Qwen2.5-32B-Instruct-AWQ
q_014,391e6ecc-95a1-480a-97a0-08c8dfb904ef,0,A Member State must submit its objections in writing within 14 days of receiving the coordinating Member State's decision.,1,0,0.8333333333333334,0.0,NOT_SUPPORTED,1.0,The provided evidence does not support the claim that a Member State must submit its objections in writing within 14 days of receiving the coordinating Member State's decision. The evidence only mentions that a Member State should communicate its disagreement through an electronic system without specifying a timeframe or format.,"[""EU_Medical_Device_Regulation_MDR_2017:74_3447_b4e2e778fc6f""]",Qwen/Qwen2.5-32B-Instruct-AWQ
q_014,46e19d59-46ce-41c5-8c47-47eb023e1b5e,1,The Member State must provide detailed reasons for its disagreement.,1,0,0.8333333333333334,1.0,SUPPORTED,1.0,The claim that 'The Member State must provide detailed reasons for its disagreement' is fully supported by the evidence. Article 73 of the EU Medical Device Regulation MDR 2017 clearly states that a Member State must communicate its disagreement with detailed justification if it disagrees with the conclusion of the coordinating Member State.,"[""EU_Medical_Device_Regulation_MDR_2017:74_3447_b4e2e778fc6f""]",Qwen/Qwen2.5-32B-Instruct-AWQ
q_014,e6893c81-d06e-40ce-a283-ff271157dc71,2,The European Medicines Agency (EMA) will review the case.,1,0,0.8333333333333334,0.0,NOT_SUPPORTED,1.0,"The provided evidence does not support the claim that the European Medicines Agency (EMA) will review the case if a Member State disagrees with the coordinating Member State's conclusion. Instead, the evidence indicates that a Member State may refuse to authorize the clinical investigation and provides for an appeal procedure, but there is no mention of the EMA being involved in this process.","[""EU_Medical_Device_Regulation_MDR_2017:74_3448_e9173c8041d1"", ""EU_Medical_Device_Regulation_MDR_2017:74_3447_b4e2e778fc6f"", ""EU_Medical_Device_Regulation_MDR_2017:74_3444_51254b8c1bb1""]",Qwen/Qwen2.5-32B-Instruct-AWQ
q_014,d19839fb-105d-464e-b5f2-01d676f54bee,3,"If the EMA agrees with the original decision, the Member State is obligated to comply with it.",1,0,0.8333333333333334,0.0,NOT_SUPPORTED,1.0,"The provided evidence does not support the claim that if the EMA agrees with the original decision, the Member State is obligated to comply with it. The evidence only discusses the procedures for Member States handling disagreements with the coordinating Member State, without mentioning the EMA's agreement as a condition for compliance.","[""EU_Medical_Device_Regulation_MDR_2017:74_3448_e9173c8041d1"", ""EU_Medical_Device_Regulation_MDR_2017:74_3447_b4e2e778fc6f""]",Qwen/Qwen2.5-32B-Instruct-AWQ
q_014,2c58df54-4ce5-40ca-86cd-3c0821e1f7b1,4,"If the EMA changes its opinion, the Member State must follow the revised conclusion.",1,0,0.8333333333333334,0.0,NOT_SUPPORTED,1.0,"The provided evidence does not support the claim that if the EMA changes its opinion, the Member State must follow the revised conclusion. The evidence only discusses scenarios where a Member State can disagree with the coordinating Member State's conclusion and does not mention the EMA changing its opinion.","[""EU_Medical_Device_Regulation_MDR_2017:74_3448_e9173c8041d1"", ""EU_Medical_Device_Regulation_MDR_2017:74_3447_b4e2e778fc6f"", ""EU_Medical_Device_Regulation_MDR_2017:74_3444_51254b8c1bb1""]",Qwen/Qwen2.5-32B-Instruct-AWQ
q_015,b464dc96-19ea-4073-b810-ef82ff0a22ad,0,A covered entity may disclose protected health information (PHI) to a coroner or medical examiner under HIPAA.,1,0,0.7721518987341772,1.0,SUPPORTED,1.0,"The claim that 'A covered entity may disclose protected health information (PHI) to a coroner or medical examiner under HIPAA' is fully supported by the evidence provided. Both evidence chunks [t1__us_hipaa__rechunk_0357] and [t1__us_hipaa__rechunk_0359] explicitly state that a covered entity may disclose PHI to a coroner or medical examiner for the purpose of identifying a deceased person, determining a cause of death, or other duties as authorized by law.","[""t1__us_hipaa__rechunk_0357"", ""t1__us_hipaa__rechunk_0359""]",Qwen/Qwen2.5-32B-Instruct-AWQ
q_015,447c739e-1dfe-488f-be84-0fee662e7220,1,The disclosure is permissible without patient authorization if it is necessary to comply with legal requirements for the identification of the deceased person.,1,0,0.7721518987341772,0.5,PARTIAL,0.9,"The claim states that a covered entity may disclose protected health information to a coroner or medical examiner without patient authorization if it is necessary to comply with legal requirements for identifying a deceased person. The evidence provided supports the claim that such disclosures are permissible for identifying a deceased person and determining the cause of death. However, the evidence does not explicitly state that these disclosures are always made without patient authorization or that they cover all possible legal requirements. Therefore, while the claim is partially supported, there is some ambiguity regarding the extent of the legal requirements and the necessity of patient authorization.","[""t1__us_hipaa__rechunk_0357""]",Qwen/Qwen2.5-32B-Instruct-AWQ
q_015,95e277fd-dede-4349-85b7-511963d621a0,2,"Specific circumstances include cases where there is an unresolved death that requires a determination of cause, manner, and circumstances of death.",1,0,0.7721518987341772,0.5,PARTIAL,0.9,"The evidence supports the claim that a covered entity may disclose protected health information to a coroner or medical examiner for the purpose of determining the cause of death. However, the claim specifically mentions 'unresolved death,' which is not explicitly addressed in the provided evidence. The evidence broadly allows for disclosures related to identifying a deceased person and determining the cause of death, but does not specify 'unresolved death' scenarios.","[""t1__us_hipaa__rechunk_0357""]",Qwen/Qwen2.5-32B-Instruct-AWQ
q_015,bdebd042-7777-4701-8c8f-f4ce2f872f89,3,Such disclosures must be documented appropriately.,1,0,0.7721518987341772,0.0,NOT_SUPPORTED,1.0,"The provided evidence does not mention any requirement for documenting disclosures to a coroner or medical examiner. The claim states that 'such disclosures must be documented appropriately,' but there is no supporting evidence for this specific requirement.","[""t1__us_hipaa__rechunk_0357"", ""t1__us_hipaa__rechunk_0359"", ""t1__us_hipaa__rechunk_0356""]",Qwen/Qwen2.5-32B-Instruct-AWQ
q_015,7844bd03-b93a-4247-88a8-099fa9d8fa20,4,Only PHI directly related to the cause of death may be disclosed.,1,0,0.7721518987341772,0.5,PARTIAL,0.9,"The evidence provided indicates that a covered entity may disclose protected health information (PHI) to a coroner or medical examiner for the purpose of identifying a deceased person and determining the cause of death. However, the evidence does not explicitly state that only PHI directly related to the cause of death may be disclosed. Therefore, the claim is partially supported by the evidence.","[""t1__us_hipaa__rechunk_0357"", ""t1__us_hipaa__rechunk_0359""]",Qwen/Qwen2.5-32B-Instruct-AWQ
q_016,de4ac4ab-6abe-4869-b1c4-417db77ac3c3,0,The intended audience for the CDC's Clinical Practice Guideline on prescribing opioids for pain includes healthcare providers.,1,0,0.813953488372093,1.0,SUPPORTED,1.0,"The evidence clearly states that the CDC's Clinical Practice Guideline on prescribing opioids for pain is intended for clinicians who are treating outpatients aged ≥18 years with acute, subacute, or chronic pain. This includes primary care clinicians and other clinicians managing pain in outpatient settings, thus fully supporting the claim.","[""CDC_Opioid_Prescribing_Clinical_Practice_2945_d97013580c7f""]",Qwen/Qwen2.5-32B-Instruct-AWQ
q_016,ede04c75-e28d-43c0-bcc6-17b310d99ae9,1,The intended audience includes physicians.,1,0,0.813953488372093,1.0,SUPPORTED,1.0,"The evidence clearly states that the guideline is intended for primary care clinicians, which explicitly includes physicians. The relevant quote from the evidence pool supports this conclusion.","[""CDC_Opioid_Prescribing_Clinical_Practice_2945_d97013580c7f""]",Qwen/Qwen2.5-32B-Instruct-AWQ
q_016,30b29f62-44b8-49e2-a68d-6d02edf80ee7,2,The intended audience includes nurse practitioners.,1,0,0.813953488372093,1.0,SUPPORTED,1.0,"Both debaters consistently support the claim that nurse practitioners are included in the intended audience for the CDC's Clinical Practice Guideline on prescribing opioids for pain. The evidence clearly states that the recommendations are most relevant to clinicians whose scope of practice includes prescribing opioids, specifically mentioning 'physicians, nurse practitioners, and other advanced-practice registered nurses.'","[""CDC_Opioid_Prescribing_Clinical_Practice_2945_d97013580c7f""]",Qwen/Qwen2.5-32B-Instruct-AWQ
q_016,024c86cc-780e-461f-9654-9f4d7513e18b,3,The intended audience includes physician assistants.,1,0,0.813953488372093,1.0,SUPPORTED,1.0,"The evidence clearly states that the intended audience for the CDC's Clinical Practice Guideline on prescribing opioids for pain includes 'physicians, nurse practitioners and other advanced-practice registered nurses, physician assistants'. This directly supports the claim that the intended audience includes physician assistants.","[""CDC_Opioid_Prescribing_Clinical_Practice_2945_d97013580c7f""]",Qwen/Qwen2.5-32B-Instruct-AWQ
q_016,63170e8e-8a92-4a17-996e-208692b798e1,4,The intended audience includes other clinicians who prescribe opioids for chronic pain management.,1,0,0.813953488372093,1.0,SUPPORTED,1.0,"The evidence clearly states that the CDC's Clinical Practice Guideline is intended for clinicians who prescribe opioids for pain management, including those managing chronic pain. The guideline explicitly mentions 'other clinicians providing pain care for outpatients aged ≥18 years,' which supports the claim that it includes other clinicians who prescribe opioids for chronic pain management.","[""CDC_Opioid_Prescribing_Clinical_Practice_2945_d97013580c7f"", ""CDC_Opioid_Prescribing_Clinical_Practice_2946_52fa862c06cf""]",Qwen/Qwen2.5-32B-Instruct-AWQ
q_016,c5ee7f83-fecc-4134-a618-e5e5d2d535e0,5,This guideline aims to provide evidence-based recommendations.,1,0,0.813953488372093,0.5,PARTIAL,0.9,"The claim states that the guideline aims to provide evidence-based recommendations. While the evidence clearly indicates that the guideline provides recommendations and aims to improve communication and decision-making between clinicians and patients, it does not explicitly use the term 'evidence-based.' Therefore, the claim is partially supported.","[""CDC_Opioid_Prescribing_Clinical_Practice_2945_d97013580c7f"", ""CDC_Opioid_Prescribing_Clinical_Practice_2946_52fa862c06cf""]",Qwen/Qwen2.5-32B-Instruct-AWQ
q_016,9352c47b-f935-49ba-9d56-93d3cacc6807,6,This guideline aims to help reduce the risk of opioid misuse.,1,0,0.813953488372093,0.5,PARTIAL,0.9,"The evidence indicates that the guideline aims to reduce risks associated with opioid pain treatment, which implicitly includes reducing the risk of opioid misuse. However, the primary stated goals of the guideline focus on improving communication, decision-making, and the safety and effectiveness of pain treatment. Therefore, while the claim is partially supported, it is not fully supported as the reduction of opioid misuse risk is not explicitly stated as the primary goal.","[""CDC_Opioid_Prescribing_Clinical_Practice_2945_d97013580c7f"", ""CDC_Opioid_Prescribing_Clinical_Practice_2946_52fa862c06cf""]",Qwen/Qwen2.5-32B-Instruct-AWQ
q_016,89ba8543-b224-4586-98bd-15b5df5860a7,7,This guideline aims to help reduce the risk of overdose among patients.,1,0,0.813953488372093,0.5,PARTIAL,0.9,"The guideline aims to reduce various risks associated with opioid pain therapy, including overdose, but it does not explicitly state that its primary or sole aim is to reduce the risk of overdose. The evidence supports a broader goal of reducing multiple risks.","[""CDC_Opioid_Prescribing_Clinical_Practice_2945_d97013580c7f""]",Qwen/Qwen2.5-32B-Instruct-AWQ
q_017,0dd7f319-8ecf-444f-8ea0-0657d500e0a8,0,Regulatory approval for broader applications influences the advancement of AI beyond narrow tasks in healthcare.,1,0,0.6986301369863014,0.5,PARTIAL,0.8,"The evidence suggests that multiple factors influence the advancement of AI beyond narrow tasks in healthcare, including trust from providers, patients, and healthcare professionals. However, the specific role of regulatory approval is not explicitly mentioned in the provided evidence. Therefore, while the claim is plausible, the evidence is not sufficient to fully support it.","[""WHO_Ethics_and_Governance_of_AI_for_Heal_4131_8efb29959bb8""]",Qwen/Qwen2.5-32B-Instruct-AWQ
q_017,484db119-b8f5-408e-a704-24a3c4ebd879,1,Technological advancements in machine learning algorithms influence the advancement of AI beyond narrow tasks in healthcare.,1,0,0.6986301369863014,0.5,PARTIAL,0.9,"The evidence supports the claim that technological advancements in machine learning algorithms influence the advancement of AI in healthcare. However, the evidence also indicates that numerous other factors, such as trust from providers, patients, and health-care professionals, play a significant role in advancing AI beyond narrow tasks. Therefore, while technological advancements are important, they are not the sole factor, leading to a partial support verdict.","[""WHO_Ethics_and_Governance_of_AI_for_Heal_4106_2d2fd08b4634"", ""WHO_Ethics_and_Governance_of_AI_for_Heal_4131_8efb29959bb8""]",Qwen/Qwen2.5-32B-Instruct-AWQ
q_017,be253e62-09cf-4b61-a3c7-d79737040d4b,2,Data availability and quality influence the advancement of AI beyond narrow tasks in healthcare.,1,0,0.6986301369863014,0.5,PARTIAL,0.9,"The evidence supports the influence of data availability and quality on the effectiveness of AI in healthcare, indicating that these factors play a crucial role. However, the claim specifically states that these factors influence the advancement of AI beyond narrow tasks, which is not explicitly confirmed by the provided evidence. The evidence also mentions other factors such as trust and systematic testing, suggesting that the advancement of AI beyond narrow tasks is influenced by multiple factors.","[""WHO_Ethics_and_Governance_of_AI_for_Heal_4106_2d2fd08b4634"", ""WHO_Ethics_and_Governance_of_AI_for_Heal_4131_8efb29959bb8""]",Qwen/Qwen2.5-32B-Instruct-AWQ
q_017,fac0dec2-8a25-4601-8a8d-817d87dc44b4,3,Ethical considerations influence the advancement of AI beyond narrow tasks in healthcare.,1,0,0.6986301369863014,0.5,PARTIAL,0.9,"The evidence supports that ethical considerations are indeed a factor influencing the advancement of AI beyond narrow tasks in healthcare. However, the claim does not capture the full range of factors mentioned in the evidence, such as data quality, regulatory oversight, and user trust. Therefore, the claim is partially supported.","[""WHO_Ethics_and_Governance_of_AI_for_Heal_4106_2d2fd08b4634"", ""WHO_Ethics_and_Governance_of_AI_for_Heal_4131_8efb29959bb8""]",Qwen/Qwen2.5-32B-Instruct-AWQ
q_017,4dbca9c0-adaa-4af9-9bfe-e470c6ed8539,4,Patient safety standards influence the advancement of AI beyond narrow tasks in healthcare.,1,0,0.6986301369863014,0.5,PARTIAL,0.8,"The evidence provided discusses various factors influencing the advancement of AI beyond narrow tasks in healthcare, including the trust of providers, patients, and healthcare professionals. However, the specific mention of 'patient safety standards' is not explicitly highlighted in the given evidence. Therefore, while the claim is related to broader factors that influence AI advancement, it is not directly supported by the evidence provided.","[""WHO_Ethics_and_Governance_of_AI_for_Heal_4131_8efb29959bb8""]",Qwen/Qwen2.5-32B-Instruct-AWQ
q_017,eb6d8cdf-184a-49a8-b665-f502c4ab3f37,5,"Regulatory bodies like the FDA set guidelines and approve AI technologies for use in clinical settings, accelerating their adoption.",1,0,0.6986301369863014,0.5,PARTIAL,0.8,"The claim states that regulatory bodies like the FDA set guidelines and approve AI technologies for use in clinical settings, accelerating their adoption. The evidence provided discusses the importance of regulatory oversight and the need for systematic testing and evaluation of AI technologies. However, it does not explicitly mention the FDA or provide clear evidence that regulatory approval directly accelerates adoption. Therefore, the claim is partially supported, as regulatory bodies play a crucial role, but the evidence is mixed and does not fully substantiate the claim.","[""WHO_Ethics_and_Governance_of_AI_for_Heal_4131_8efb29959bb8"", ""t1__eu_ai_act_2024__rechunk_0051""]",Qwen/Qwen2.5-32B-Instruct-AWQ
q_017,837b0371-9265-4e31-bc32-4293760212e7,6,Robust data sets that encompass diverse patient populations are essential for training AI models to perform tasks such as diagnosis and treatment planning accurately and ethically.,1,0,0.6986301369863014,0.5,PARTIAL,0.9,"The claim states that robust data sets encompassing diverse patient populations are essential for training AI models to perform tasks such as diagnosis and treatment planning accurately and ethically. The evidence supports the importance of robust and diverse datasets for improving the accuracy of AI models and preventing biases. However, the evidence also indicates that advancing AI beyond narrow tasks depends on numerous factors, including trust from providers, patients, and health-care professionals, and socio-economic contexts. Therefore, while the claim is partially supported, it is not fully supported due to the additional factors mentioned.","[""WHO_Ethics_and_Governance_of_AI_for_Heal_4106_2d2fd08b4634"", ""WHO_Ethics_and_Governance_of_AI_for_Heal_4131_8efb29959bb8""]",Qwen/Qwen2.5-32B-Instruct-AWQ
q_018,ca37c3cc-f2df-49c0-ab7f-682b996bc855,0,The 2013 ACCF/AHA Guideline for the Management of Heart Failure did not establish a specific guideline number.,1,0,0.74,0.5,PARTIAL,0.8,"The evidence provided shows that the 2013 ACCF/AHA Guideline for the Management of Heart Failure has a reference number (20131). However, this does not necessarily mean that the guideline itself established a specific guideline number. The evidence is mixed and does not explicitly confirm whether the guideline number was specifically assigned to the document.","[""AHA:ACC_Heart_Failure_Guidelines_(2022)._2489_4d5799f3471c""]",Qwen/Qwen2.5-32B-Instruct-AWQ
q_018,7ccbcc78-bc90-4820-8c4e-2a28ae2608dd,1,"The guideline provided detailed guidelines across various aspects of heart failure management, including diagnosis, treatment, and prevention.",1,0,0.74,0.5,PARTIAL,0.9,"The evidence confirms the existence of the 2013 ACCF/AHA Guideline for the Management of Heart Failure. However, the claim specifies that the guideline provided detailed guidelines across various aspects of heart failure management, including diagnosis, treatment, and prevention. The provided evidence does not offer specific details about the guideline's content to support this claim comprehensively.","[""AHA:ACC_Heart_Failure_Guidelines_(2022)._2489_4d5799f3471c""]",Qwen/Qwen2.5-32B-Instruct-AWQ
q_018,36c181c1-b1fc-4227-a2b8-95b5c18363be,2,The document was released as ACC/AHA Guidelines for the Management of Heart Failure.,1,0,0.74,0.0,NOT_SUPPORTED,1.0,"The claim states that the document was released as 'ACCF/AHA Guidelines for the Management of Heart Failure.' However, the evidence consistently refers to it as '2013 ACCF/AHA Guideline for the Management of Heart Failure,' which is singular ('Guideline') rather than plural ('Guidelines'). This discrepancy makes the claim unsupported.","[""AHA:ACC_Heart_Failure_Guidelines_(2022)._2489_4d5799f3471c""]",Qwen/Qwen2.5-32B-Instruct-AWQ
q_018,c4d016bb-9064-4f42-b2a2-5484548a6656,3,The guidelines focus on evidence-based recommendations to improve patient outcomes.,1,0,0.74,0.5,PARTIAL,0.8,"The evidence confirms the existence of the 2013 ACCF/AHA Guideline for the Management of Heart Failure, but it does not explicitly state that the guideline focuses on evidence-based recommendations to improve patient outcomes. Therefore, the claim is partially supported as the guideline's existence is confirmed, but its specific focus on improving patient outcomes through evidence-based recommendations is not explicitly verified.","[""AHA:ACC_Heart_Failure_Guidelines_(2022).2489_4d5799f3471c""]",Qwen/Qwen2.5-32B-Instruct-AWQ
q_019,33af8b42-6796-4014-8d8c-c293fa5b07c3,0,The Diabetes Prevention Program Outcomes Study found an increased risk of vitamin B12 deficiency associated with long-term metformin use.,1,0,0.7719298245614035,0.5,PARTIAL,0.8,"The evidence supports an association between metformin use and vitamin B12 deficiency in the Diabetes Prevention Program Outcomes Study (DPPOS). However, the evidence does not specifically address 'long-term' use, which is a key component of the claim. Therefore, the claim is partially supported.","[""ADA_(standards-of-care-2024).pdf_1607_0e34775e9f84"", ""ADA_(standards-of-care-2024).pdf_1719_53b78232e57e""]",Qwen/Qwen2.5-32B-Instruct-AWQ
q_019,4a917b67-defd-45ea-9111-39d4a1b39efa,1,Patients on metformin had a 2.4 times higher risk of developing vitamin B12 deficiency compared to those not taking metformin.,1,0,0.7719298245614035,0.0,NOT_SUPPORTED,1.0,"The provided evidence confirms an association between long-term metformin use and vitamin B12 deficiency but does not specify the exact 2.4 times higher risk mentioned in the claim. Therefore, the claim is not supported by the given evidence.","[""ADA_(standards-of-care-2024).pdf_1607_0e34775e9f84"", ""ADA_(standards-of-care-2024).pdf_1719_53b78232e57e""]",Qwen/Qwen2.5-32B-Instruct-AWQ
q_019,9e5ab9fb-6b21-4f8e-8588-2a48d8a1537c,2,The study did not specify exact thresholds for the association between metformin use and vitamin B12 deficiency.,1,0,0.7719298245614035,0.5,PARTIAL,0.8,"The evidence supports the claim that the Diabetes Prevention Program Outcomes Study (DPPOS) found an association between long-term metformin use and vitamin B12 deficiency. However, the evidence does not specify exact thresholds for this association. Therefore, the claim is partially supported.","[""ADA_(standards-of-care-2024).pdf_1607_0e34775e9f84"", ""ADA_(standards-of-care-2024).pdf_1719_53b78232e57e""]",Qwen/Qwen2.5-32B-Instruct-AWQ
q_019,38cab54c-21a2-43bb-bfc6-efd8acfee84a,3,The study did not specify exact timelines for the association between metformin use and vitamin B12 deficiency.,1,0,0.7719298245614035,0.5,PARTIAL,0.8,"The evidence provided indicates that the study found an association between long-term metformin use and vitamin B12 deficiency. However, it does not specify exact timelines for this association. Therefore, the claim is partially supported by the evidence.","[""ADA_(standards-of-care-2024).pdf_1607_0e34775e9f84"", ""ADA_(standards-of-care-2024).pdf_2268_c6ff17d0b00e""]",Qwen/Qwen2.5-32B-Instruct-AWQ
q_019,f43b5672-9be3-46af-b10a-d318ce3e4527,4,The study highlighted the need for caution in patients on metformin regarding potential vitamin B12 deficiencies.,1,0,0.7719298245614035,0.5,PARTIAL,0.9,"The evidence supports the association between long-term metformin use and vitamin B12 deficiency, as indicated by the Diabetes Prevention Program Outcomes Study (DPPOS). However, the claim specifically mentions the 'need for caution,' which is not explicitly stated in the provided evidence. The evidence suggests periodic testing of vitamin B12 levels in people taking metformin, particularly in those with anemia or peripheral neuropathy, but this does not fully align with the notion of 'need for caution.'","[""ADA_(standards-of-care-2024).pdf_1607_0e34775e9f84"", ""ADA_(standards-of-care-2024).pdf_1719_53b78232e57e""]",Qwen/Qwen2.5-32B-Instruct-AWQ
q_020,a1af4f81-57e5-44b6-a62a-4bb41263e5f9,0,"The compliance deadline for health plans that are not classified as small health plans regarding the implementation of the standard unique health plan identifier (HIXID) was December 31, 2022.",1,0,1.0,0.0,NOT_SUPPORTED,1.0,"The evidence clearly states that the compliance deadline for health plans that are not classified as small health plans regarding the implementation of the standard unique health plan identifier (HIXID) was November 5, 2014, not December 31, 2022. Therefore, the claim is not supported by the evidence.","[""t1__us_hipaa__rechunk_0124""]",Qwen/Qwen2.5-32B-Instruct-AWQ
q_020,78ca7913-3188-4173-bebe-75d92a53a5fc,1,Health plans must ensure that all transactions with payers and providers use this unique identifier by this date to comply with the requirements set forth by the Centers for Medicare & Medicaid Services (CMS).,1,0,1.0,0.5,PARTIAL,0.9,"The claim is partially supported by the evidence. The evidence clearly states that health plans that are not classified as small health plans must comply with the implementation of the standard unique health plan identifier by November 5, 2014. However, the claim also mentions that 'all transactions with payers and providers' must use this unique identifier, which is not explicitly stated in the provided evidence. Additionally, the claim references the CMS, but the evidence does not provide specific details about CMS requirements.","[""t1__us_hipaa__rechunk_0124""]",Qwen/Qwen2.5-32B-Instruct-AWQ
q_020,8c385dd7-4262-4f72-b1da-a6cc7b5adfb0,2,Failure to meet this deadline could result in penalties and non-compliance issues.,1,1,1.0,0.5,PARTIAL,0.9,"The claim states that failure to meet the compliance deadline could result in penalties and non-compliance issues. While the evidence clearly specifies the compliance deadline for health plans that are not classified as small health plans (November 5, 2014), it does not provide any explicit information about penalties or non-compliance issues. Therefore, the claim is partially supported by the evidence.","[""t1__us_hipaa__rechunk_0124""]",Qwen/Qwen2.5-32B-Instruct-AWQ
q_021,2fc82479-1d96-4b60-8668-e32e29495324,0,The appropriate submission type for establishing a PCCP for AI-DSFs is a Premarket Substantiation of Safety and Performance (PSSP).,1,0,0.7083333333333334,0.0,NOT_SUPPORTED,1.0,"The evidence provided lists several appropriate submission types for establishing a PCCP for AI-DSFs, such as Original PMA application, Modular PMA application, 180-Day PMA supplement, Panel Track PMA supplement, Real-Time PMA supplement, Traditional 510(k) submission, Abbreviated 510(k) submission, and Original De Novo request. However, there is no mention of 'Premarket Substantiation of Safety and Performance (PSSP)' as an appropriate submission type. Therefore, the claim is not supported by the evidence.","[""FDA_Predetermined_Change_Control_Plan_fo_3908_2ec3d0ed68c8""]",Qwen/Qwen2.5-32B-Instruct-AWQ
q_021,c355b726-a195-4d47-87b0-e727a059e288,1,The submission should include detailed evidence demonstrating the safety and performance of the AI-DSF.,1,0,0.7083333333333334,0.5,PARTIAL,0.8,"The evidence supports the need for detailed evidence of safety and performance, but it does not explicitly state 'detailed evidence demonstrating the safety and performance'. The evidence mentions ensuring safety and effectiveness but lacks explicit mention of 'detailed evidence'. Additionally, the evidence does not fully address all submission types as claimed.","[""FDA_Predetermined_Change_Control_Plan_fo_3908_2ec3d0ed68c8""]",Qwen/Qwen2.5-32B-Instruct-AWQ
q_021,93f39d9a-b9d8-4e76-b49b-b73659f92aee,2,The evidence must adhere to FDA guidelines and regulations.,1,0,0.7083333333333334,0.5,PARTIAL,0.8,"The claim states that the evidence must adhere to FDA guidelines and regulations. While the evidence provided does indicate that certain submission types must adhere to FDA guidelines and regulations, it does not explicitly state that all evidence must adhere to these guidelines. The evidence lists specific submission types that are appropriate for establishing a PCCP, but it does not cover all possible types of evidence comprehensively. Therefore, the claim is partially supported.","[""FDA_Predetermined_Change_Control_Plan_fo_3908_2ec3d0ed68c8""]",Qwen/Qwen2.5-32B-Instruct-AWQ
q_021,4038e1de-c6e9-4945-862c-2f20aca1672a,3,Regulatory requirements mandate that the evidence must be robust and scientifically sound.,1,0,0.7083333333333334,0.5,PARTIAL,0.8,"The evidence provided supports the notion that submissions must be robust and scientifically sound, but it does not explicitly state that regulatory requirements mandate this. Instead, the evidence suggests that these criteria are part of the recommendations and expectations set forth by the FDA. Therefore, the claim is partially supported.","[""FDA_Predetermined_Change_Control_Plan_fo_3902_a602124d26fc"", ""FDA_Predetermined_Change_Control_Plan_fo_3908_2ec3d0ed68c8""]",Qwen/Qwen2.5-32B-Instruct-AWQ
q_021,744152b1-08ce-40cf-ad6e-e522819045d3,4,"The evidence must cover aspects such as algorithm validation, clinical validation studies, and risk management plans.",1,0,0.7083333333333334,0.0,NOT_SUPPORTED,1.0,"The evidence provided does not support the claim that the evidence must cover aspects such as algorithm validation, clinical validation studies, and risk management plans. The evidence primarily discusses the appropriate submission types for establishing a PCCP but does not explicitly mention the need for algorithm validation, clinical validation studies, or risk management plans.","[""FDA_Predetermined_Change_Control_Plan_fo_3908_2ec3d0ed68c8""]",Qwen/Qwen2.5-32B-Instruct-AWQ
q_021,a177013a-4bd8-448f-b46a-2adfbab70adb,5,Timelines for submission and review vary.,1,0,0.7083333333333334,0.0,NOT_SUPPORTED,1.0,"The evidence provided in the pool does not contain any information regarding timelines for submission and review. Instead, it focuses on the types of submissions that are appropriate for establishing a PCCP for AI-DSFs. Since the claim specifically mentions 'timelines for submission and review', there is no supporting evidence for this aspect.","[""FDA_Predetermined_Change_Control_Plan_fo_3908_2ec3d0ed68c8""]",Qwen/Qwen2.5-32B-Instruct-AWQ
q_021,2c5533cd-6169-46ad-8ffa-0e976716eab7,6,Timelines typically require thorough documentation and compliance with FDA deadlines.,1,0,0.7083333333333334,0.0,NOT_SUPPORTED,1.0,"The claim states that 'Timelines typically require thorough documentation and compliance with FDA deadlines.' However, the provided evidence does not support this claim. Instead, the evidence focuses on the appropriate submission types for establishing a PCCP and does not mention anything about timelines or FDA deadlines. Therefore, the claim is not supported by the available evidence.","[""FDA_Predetermined_Change_Control_Plan_fo_3908_2ec3d0ed68c8""]",Qwen/Qwen2.5-32B-Instruct-AWQ
q_022,b6fa4f21-a411-4ae6-8d64-a6aa78c0681b,0,A covered entity can terminate a restriction on protected health information (PHI) if the individual for whom the information pertains no longer requests the restriction.,1,0,0.88,0.5,PARTIAL,0.9,"The claim states that a covered entity can terminate a restriction on protected health information if the individual no longer requests the restriction. However, the evidence provided indicates that there are multiple conditions under which a covered entity can terminate a restriction, including written or documented oral agreement from the individual. Therefore, while the claim is partially supported, it is not fully accurate as it omits the requirement for specific forms of agreement or documentation.","[""t1__us_hipaa__rechunk_0421""]",Qwen/Qwen2.5-32B-Instruct-AWQ
q_022,d5efdbe1-89a9-4cc9-b92d-95e37049d88d,1,A covered entity can terminate a restriction on protected health information (PHI) if the entity determines that the restriction is no longer necessary to protect the individual's privacy.,1,0,0.88,0.0,NOT_SUPPORTED,1.0,"The provided evidence does not support the claim that a covered entity can terminate a restriction on protected health information (PHI) if the entity determines that the restriction is no longer necessary to protect the individual's privacy. Instead, the evidence specifies that a covered entity may terminate a restriction only under specific conditions, such as when the individual agrees to or requests the termination in writing, orally agrees to the termination and the oral agreement is documented, or in cases of emergency treatment. There is no mention of the covered entity making a determination regarding the necessity of the restriction.","[""t1__us_hipaa__rechunk_0421"", ""t1__us_hipaa__rechunk_0422"", ""t1__us_hipaa__rechunk_0423""]",Qwen/Qwen2.5-32B-Instruct-AWQ
q_022,488fadbf-e94c-4d74-bf71-0dff41912ce5,2,The termination of a restriction on PHI must be documented in the individual's record.,1,0,0.88,0.5,PARTIAL,0.9,"The evidence provided indicates that restrictions on PHI must be documented, but it does not explicitly state that the termination of a restriction must be documented in the individual's record. While there is a requirement for documentation, the specific location or method of this documentation is not clearly specified.","[""t1__us_hipaa__rechunk_0423""]",Qwen/Qwen2.5-32B-Instruct-AWQ
q_022,b7cf8a09-99f1-4d6f-b65d-c7ea1dc4d7b6,3,Regulatory requirements mandate that terminations of restrictions on PHI must be communicated promptly to the individual.,1,0,0.88,0.5,PARTIAL,0.9,"The evidence provided indicates that a covered entity must inform the individual when terminating a restriction on protected health information. However, there is no explicit mention of the requirement for this communication to be 'prompt.' Therefore, the claim is partially supported by the evidence.","[""t1__us_hipaa__rechunk_0421""]",Qwen/Qwen2.5-32B-Instruct-AWQ
q_022,481515b3-3c9e-4f08-a30b-ab30f660ff4f,4,Prompt communication of terminations of restrictions on PHI must occur within 60 days of the decision.,1,0,0.88,0.0,NOT_SUPPORTED,1.0,The provided evidence does not mention any specific time frame for communicating terminations of restrictions on PHI. Both debaters correctly identified that there is no evidence supporting the claim that prompt communication of terminations of restrictions on PHI must occur within 60 days of the decision.,"[""t1__us_hipaa__rechunk_0421"", ""t1__us_hipaa__rechunk_0422"", ""t1__us_hipaa__rechunk_0423""]",Qwen/Qwen2.5-32B-Instruct-AWQ
q_024,31b141b3-5e49-490c-a49a-e860f10581e5,0,A competent authority must immediately initiate an investigation upon receiving reports of suspected serious incidents.,1,0,0.6666666666666666,0.5,PARTIAL,0.9,"The evidence provided does not explicitly state that a competent authority must immediately initiate an investigation upon receiving reports of suspected serious incidents. Instead, it specifies that the competent authority must inform the manufacturer of the device concerned without delay. While this implies prompt action, it does not necessarily mean an immediate investigation. Therefore, the claim is partially supported.","[""EU_Medical_Device_Regulation_MDR_2017:74_3463_df9f49e982c0"", ""EU_Medical_Device_Regulation_MDR_2017:74_3317_90e32286a17a""]",Qwen/Qwen2.5-32B-Instruct-AWQ
q_024,00c66a0d-e4d9-478b-b9e7-e2ce084540d2,1,A competent authority must gather all relevant information related to the reported incident.,1,0,0.6666666666666666,0.5,PARTIAL,0.9,"The evidence provided indicates that competent authorities must record reports centrally and inform manufacturers of suspected serious incidents. However, the claim specifically states that a competent authority must gather all relevant information related to the reported incident, which is not explicitly supported by the evidence. While recording and informing are important steps, the evidence does not clearly mandate the gathering of all relevant information.","[""EU_Medical_Device_Regulation_MDR_2017:74_3463_df9f49e982c0"", ""EU_Medical_Device_Regulation_MDR_2017:74_3317_90e32286a17a""]",Qwen/Qwen2.5-32B-Instruct-AWQ
q_024,b1b3e439-964b-424c-8170-f330c6b97ce9,2,A competent authority must analyze the gathered information to determine the nature and extent of the incident.,1,0,0.6666666666666666,0.0,NOT_SUPPORTED,1.0,"The provided evidence does not explicitly state that competent authorities must analyze the gathered information to determine the nature and extent of the incident. The evidence only mentions that competent authorities shall record centrally at the national level the reports they receive from healthcare professionals, users, and patients. There is no clear indication of an analysis step required by the competent authority.","[""EU_Medical_Device_Regulation_MDR_2017:74_3463_df9f49e982c0""]",Qwen/Qwen2.5-32B-Instruct-AWQ
q_024,ba11a196-9f66-4360-a8a8-548cf28519a3,3,"Within 30 days, a competent authority must provide a preliminary report detailing their findings and any actions taken.",1,0,0.6666666666666666,0.0,NOT_SUPPORTED,1.0,"The provided evidence does not mention any specific 30-day timeframe for providing a preliminary report. The evidence only states that the competent authority must take necessary steps to ensure the manufacturer is informed of the suspected serious incident without delay. Therefore, the claim is not supported by the evidence.","[""EU_Medical_Device_Regulation_MDR_2017:74_3463_df9f49e982c0""]",Qwen/Qwen2.5-32B-Instruct-AWQ
q_024,aa4d8f4e-5feb-4d1a-b321-b6f7de68f412,4,A competent authority must notify the appropriate authorities and stakeholders about the incident and its resolution.,1,0,0.6666666666666666,0.5,PARTIAL,0.9,"The evidence provided indicates that competent authorities must inform manufacturers and take necessary steps when receiving reports of suspected serious incidents. However, there is no explicit mention of notifying other authorities and stakeholders about the incident and its resolution. Therefore, the claim is partially supported.","[""EU_Medical_Device_Regulation_MDR_2017:74_3463_df9f49e982c0""]",Qwen/Qwen2.5-32B-Instruct-AWQ
q_024,a05a4871-6722-4610-be97-122928b5d18e,5,The notification ensures transparency and accountability regarding the incident.,1,0,0.6666666666666666,0.5,PARTIAL,0.9,"The evidence indicates that competent authorities record centrally at the national level reports they receive from healthcare professionals, users, and patients, and inform manufacturers of suspected serious incidents without delay. However, the claim that these actions 'ensure transparency and accountability' is not explicitly stated in the evidence. While the actions described can contribute to transparency and accountability, the evidence does not directly support this conclusion.","[""EU_Medical_Device_Regulation_MDR_2017:74_3463_df9f49e982c0"", ""EU_Medical_Device_Regulation_MDR_2017:74_3317_90e32286a17a""]",Qwen/Qwen2.5-32B-Instruct-AWQ
q_025,d68b63e9-694a-4551-a908-ba9b3f7b22b9,0,A covered entity must ensure the recipient of restricted protected health information is a healthcare provider involved in emergency treatment.,1,0,0.7647058823529411,0.5,PARTIAL,0.9,"The evidence supports that a covered entity may disclose restricted protected health information to a healthcare provider for emergency treatment, but it does not explicitly require the covered entity to ensure the recipient is involved in emergency treatment. Instead, the covered entity must request that the healthcare provider not further use or disclose the information.","[""t1__us_hipaa__rechunk_0419"", ""t1__us_hipaa__rechunk_0422""]",Qwen/Qwen2.5-32B-Instruct-AWQ
q_025,cf171cb9-81e8-473c-b99c-2b423ddf7772,1,"There is no specific threshold, number, or timeline required for disclosing restricted protected health information to a health care provider for emergency treatment under HIPAA.",1,0,0.7647058823529411,1.0,SUPPORTED,1.0,"The evidence clearly states that if an individual is in need of emergency treatment and the restricted protected health information is necessary to provide such treatment, the covered entity may disclose the information to a healthcare provider without any specific threshold, number, or timeline requirement. This supports the claim that there is no specific threshold, number, or timeline required for disclosing restricted protected health information to a healthcare provider for emergency treatment under HIPAA.","[""t1__us_hipaa__rechunk_0419""]",Qwen/Qwen2.5-32B-Instruct-AWQ
q_025,612a2a88-529a-4b6a-9dc3-c0abef6839ca,2,The covered entity must maintain documentation of the disclosure to demonstrate compliance with HIPAA.,1,0,0.7647058823529411,0.0,NOT_SUPPORTED,1.0,The evidence provided does not support the claim that a covered entity must maintain documentation of the disclosure to demonstrate compliance with HIPAA. The evidence only states that the covered entity must request that the healthcare provider not further use or disclose the information.,"[""t1__us_hipaa__rechunk_0419"", ""t1__us_hipaa__rechunk_0421"", ""t1__us_hipaa__rechunk_0422""]",Qwen/Qwen2.5-32B-Instruct-AWQ
q_025,eb896d7c-0751-4c57-84ee-16fdf8f59efa,3,Regulatory requirements mandate that such disclosures be made only when necessary for immediate patient care.,1,0,0.7647058823529411,0.5,PARTIAL,0.9,"The claim is partially supported by the evidence. The evidence clearly indicates that disclosures of restricted protected health information for emergency treatment are permissible only when necessary for immediate patient care. However, the claim does not fully capture the additional requirement that the covered entity must request the healthcare provider to limit further use or disclosure of the information.","[""t1__us_hipaa__rechunk_0419""]",Qwen/Qwen2.5-32B-Instruct-AWQ
q_025,d789e4b7-4a47-4930-860d-4e4473e605fd,4,Such disclosures must be documented appropriately.,1,0,0.7647058823529411,0.0,NOT_SUPPORTED,1.0,The evidence provided does not support the claim that such disclosures must be documented appropriately. The evidence only states that a covered entity must request that a healthcare provider not further use or disclose the information when it is disclosed for emergency treatment. There is no explicit requirement for documentation mentioned in the evidence.,"[""t1__us_hipaa__rechunk_0421"", ""t1__us_hipaa__rechunk_0422""]",Qwen/Qwen2.5-32B-Instruct-AWQ
q_026,6e744a53-c2cf-4351-a90e-c1d257c85ea3,0,The American Diabetes Association provides guidelines for diagnosing gestational diabetes mellitus (GDM) using the one-step strategy.,1,0,0.7538461538461538,0.5,PARTIAL,0.9,"The evidence clearly outlines the guidelines provided by the American Diabetes Association (ADA) for diagnosing gestational diabetes mellitus (GDM) using the one-step strategy, including specific plasma glucose values. However, the claim specifically mentions 'the American Diabetes Association,' and the evidence does not explicitly state this organization's name in the context of providing these guidelines. Therefore, while the guidelines are supported, the claim is partially supported due to the lack of explicit attribution.","[""ADA_(standards-of-care-2024).pdf_1558_925e3a7674b2""]",Qwen/Qwen2.5-32B-Instruct-AWQ
q_026,a9707b1e-301f-4431-add8-9b940bd2b9a5,1,"For the one-step strategy, plasma glucose levels are measured at specific time points during an oral glucose tolerance test (OGTT).",1,0,0.7538461538461538,0.5,PARTIAL,0.9,"The claim is partially supported by the evidence. The evidence confirms that plasma glucose levels are indeed measured at fasting, 1 hour, and 2 hours during an OGTT for the one-step strategy. However, the claim does not specify the exact glucose threshold values required for diagnosing GDM using this strategy, which is a critical detail. Therefore, the claim is partially supported but lacks completeness.","[""ADA_(standards-of-care-2024).pdf_1558_925e3a7674b2""]",Qwen/Qwen2.5-32B-Instruct-AWQ
q_026,b7463f18-ae1a-473d-b1b8-e61073cd8be0,2,A diagnosis of GDM is confirmed if the fasting glucose level is ≥ 92 mg/dL (5.1 mmol/L).,1,0,0.7538461538461538,1.0,SUPPORTED,1.0,The claim that a diagnosis of GDM is confirmed if the fasting glucose level is ≥ 92 mg/dL (5.1 mmol/L) using the one-step strategy is fully supported by the evidence provided. The relevant quote from the evidence pool explicitly states this threshold.,"[""ADA_(standards-of-care-2024).pdf_1558_925e3a7674b2""]",Qwen/Qwen2.5-32B-Instruct-AWQ
q_026,192010f2-05c8-48b6-99af-e4d330949408,3,A diagnosis of GDM is confirmed if the 1-hour post-glucose load level is ≥ 180 mg/dL (10.0 mmol/L).,1,0,0.7538461538461538,0.5,PARTIAL,0.9,"The claim correctly identifies the 1-hour threshold of 180 mg/dL (10.0 mmol/L) for diagnosing GDM using the one-step strategy. However, it fails to mention that the diagnosis of GDM is made when any of the following plasma glucose values are met or exceeded, including fasting and 2-hour thresholds. Therefore, the claim is partially supported by the evidence.","[""ADA_(standards-of-care-2024).pdf_1558_925e3a7674b2""]",Qwen/Qwen2.5-32B-Instruct-AWQ
q_026,639a4a2d-da1e-447a-af8b-e5938a5f983c,4,A diagnosis of GDM is confirmed if the 2-hour post-glucose load level is ≥ 153 mg/dL (8.5 mmol/L).,1,0,0.7538461538461538,1.0,SUPPORTED,0.95,"The claim states that a diagnosis of GDM is confirmed if the 2-hour post-glucose load level is ≥ 153 mg/dL (8.5 mmol/L) using the one-step strategy. The evidence provided in ADA_(standards-of-care-2024).pdf_1558_925e3a7674b2 explicitly supports this statement. Although the claim does not mention the fasting and 1-hour glucose thresholds, it accurately reflects the 2-hour threshold specified in the one-step strategy.","[""ADA_(standards-of-care-2024).pdf_1558_925e3a7674b2""]",Qwen/Qwen2.5-32B-Instruct-AWQ
q_026,f541a96a-15fb-4593-aaff-cc4edc0b7f65,5,"To confirm a diagnosis of GDM, any of the above plasma glucose values must be exceeded at their respective time points.",1,0,0.7538461538461538,1.0,SUPPORTED,1.0,The evidence clearly states that the diagnosis of GDM using the one-step strategy is confirmed when any of the specified plasma glucose values are met or exceeded at their respective time points. The relevant quotes from the evidence pool support this claim directly.,"[""ADA_(standards-of-care-2024).pdf_1558_925e3a7674b2""]",Qwen/Qwen2.5-32B-Instruct-AWQ
q_027,9ed19f6a-fffe-4e6e-ab5a-22711cf145e8,0,Individuals with prediabetes and a history of GDM should follow up with their healthcare provider within one to two months postpartum.,1,0,0.6857142857142857,0.5,PARTIAL,0.9,"The evidence supports screening individuals with a history of GDM at 4-12 weeks postpartum, but it does not specifically recommend a follow-up with a healthcare provider within one to two months postpartum. Therefore, the claim is partially supported.","[""ADA_(standards-of-care-2024).pdf_2372_e83e067081d5""]",Qwen/Qwen2.5-32B-Instruct-AWQ
q_027,69015870-688f-4135-aadd-5840bea0b59a,1,Individuals with prediabetes and a history of GDM should aim to achieve an A1C level below 6.5%.,1,0,0.6857142857142857,0.0,NOT_SUPPORTED,1.0,"The provided evidence discusses interventions and screenings for individuals with prediabetes and a history of GDM but does not mention an A1C target of below 6.5%. Therefore, the claim is not supported by the available evidence.","[""ADA_(standards-of-care-2024).pdf_2372_e83e067081d5"", ""ADA_(standards-of-care-2024).pdf_2374_70cd7bdaac9c""]",Qwen/Qwen2.5-32B-Instruct-AWQ
q_027,77aa25f8-cde8-4542-b664-24dad964abd6,2,Individuals with prediabetes and a history of GDM should maintain a healthy lifestyle including regular physical activity and a balanced diet.,1,0,0.6857142857142857,1.0,SUPPORTED,0.9,"The evidence provided supports the claim that individuals with prediabetes and a history of GDM should maintain a healthy lifestyle including regular physical activity and a balanced diet, especially in the postpartum period. The cited evidence from ADA standards of care indicates that building on healthy nutrition gains during pregnancy to support weight loss is recommended in the postpartum period. Additionally, lifestyle interventions are effective in reducing the risk of type 2 diabetes in this population.","[""ADA_(standards-of-care-2024).pdf_2374_70cd7bdaac9c""]",Qwen/Qwen2.5-32B-Instruct-AWQ
q_027,23719266-4388-4b94-ad79-892bb0bbb7ba,3,Individuals with prediabetes and a history of GDM should be screened annually for type 2 diabetes.,1,0,0.6857142857142857,0.5,PARTIAL,0.9,"The evidence suggests that individuals with a history of GDM should have ongoing screening for prediabetes or type 2 diabetes every 1-3 years. While the claim specifies annual screening, the evidence allows for a range of frequencies within this interval. Therefore, the claim is partially supported.","[""ADA_(standards-of-care-2024).pdf_2372_e83e067081d5""]",Qwen/Qwen2.5-32B-Instruct-AWQ
q_027,64f04e7f-48d9-4f1c-ab1b-538fd8f927b9,4,Healthcare providers are required to educate patients on these recommendations.,1,0,0.6857142857142857,0.0,NOT_SUPPORTED,1.0,"The provided evidence discusses various recommendations for individuals with prediabetes and a history of GDM during the postpartum period, but it does not explicitly state that healthcare providers are required to educate patients on these recommendations. Therefore, the claim is not supported by the evidence.","[""ADA_(standards-of-care-2024).pdf_2372_e83e067081d5"", ""ADA_(standards-of-care-2024).pdf_2374_70cd7bdaac9c""]",Qwen/Qwen2.5-32B-Instruct-AWQ
q_027,e76681e8-e13f-4913-b74c-743bca46d0df,5,Healthcare providers are required to monitor the progress of patients following these recommendations.,1,0,0.6857142857142857,0.0,NOT_SUPPORTED,1.0,"The claim states that healthcare providers are 'required' to monitor the progress of patients following certain recommendations. However, the provided evidence only discusses recommendations and best practices without explicitly stating that healthcare providers are required to follow them. Therefore, the claim is not supported by the evidence.","[""ADA_(standards-of-care-2024).pdf_2372_e83e067081d5""]",Qwen/Qwen2.5-32B-Instruct-AWQ
q_028,73866ce5-0fcd-4671-b8fc-717d67270327,0,The Federal Trade Commission must investigate a breach of security upon receiving a notification under subsection (a)(2) of HITECH.,1,0,0.7,0.0,NOT_SUPPORTED,1.0,"The provided evidence clearly states that upon receiving a notification of a breach of security under subsection (a)(2), the Federal Trade Commission must notify the Secretary of such breach. However, there is no explicit mention of the FTC being required to investigate the breach. Therefore, the claim that the Federal Trade Commission must investigate a breach of security upon receiving a notification under subsection (a)(2) of HITECH is not supported by the evidence.","[""4455_5d1a7d82cf6a""]",Qwen/Qwen2.5-32B-Instruct-AWQ
q_028,00b18530-4466-479e-af18-079df7cab907,1,"If a violation of HIPAA is found during the investigation, the FTC may impose civil penalties up to $1.5 million per violation.",1,0,0.7,0.0,NOT_SUPPORTED,1.0,The provided evidence does not mention any civil penalties up to $1.5 million per violation by the FTC for HIPAA violations. The evidence primarily discusses the responsibilities related to notifications and enforcement actions but does not address specific monetary penalties.,"[""4455_5d1a7d82cf6a"", ""4471_e314d5e5d229"", ""4457_1488520c3d6b""]",Qwen/Qwen2.5-32B-Instruct-AWQ
q_028,dd0a45a1-61d8-4112-9f28-069db62b0e28,2,The maximum aggregate penalty that the FTC can impose for multiple violations is $60 million.,1,0,0.7,0.0,NOT_SUPPORTED,1.0,The provided evidence does not contain any information regarding the maximum aggregate penalty that the FTC can impose for multiple violations. None of the excerpts mention a $60 million limit or any other specific monetary penalties.,"[""4455_5d1a7d82cf6a"", ""4471_e314d5e5d229"", ""4457_1488520c3d6b""]",Qwen/Qwen2.5-32B-Instruct-AWQ
q_028,f4f533c4-832c-4d28-b8d7-c95423690628,3,The FTC has the authority to require corrective actions from covered entities or business associates to prevent future breaches.,1,0,0.7,0.5,PARTIAL,0.9,"The evidence provided indicates that the FTC can treat violations as unfair and deceptive acts, but it does not explicitly state that the FTC has the authority to require specific corrective actions from covered entities or business associates upon notification of a breach. Therefore, the claim is partially supported.","[""4455_5d1a7d82cf6a""]",Qwen/Qwen2.5-32B-Instruct-AWQ
q_029,d184e648-9b14-4866-bfc4-7733c044ed65,0,The answerer does not have access to a specific document.,1,0,0.5897435897435898,0.5,PARTIAL,0.8,"The evidence clearly states that Carmelo A. Milano is affiliated with Duke University Medical Center as a Professor of Surgery in the Surgery Department. However, the evidence does not provide a comprehensive list of all his potential affiliations, leaving room for ambiguity regarding any additional affiliations he might have.","[""AHA:ACC_Heart_Failure_Guidelines_(2022)._2914_ddf3851d91f7""]",Qwen/Qwen2.5-32B-Instruct-AWQ
q_029,b57759c0-8f1c-4eb9-a3b9-6879bf2829f7,1,"To accurately answer the question about Carmelo A. Milano's affiliations, a relevant medical or regulatory document needs to be reviewed.",1,0,0.5897435897435898,1.0,SUPPORTED,1.0,"The evidence clearly states that Carmelo A. Milano is affiliated with Duke University Medical Center as a Professor of Surgery in the Surgery Department. Additionally, the evidence lists his consultant roles with various companies, which supports the claim that a relevant medical or regulatory document needs to be reviewed to accurately answer the question about his affiliations.","[""AHA:ACC_Heart_Failure_Guidelines_(2022)._2914_ddf3851d91f7""]",Qwen/Qwen2.5-32B-Instruct-AWQ
q_029,00649c48-34bd-4d32-97b6-20c4a48b4cb9,2,"Without such a document, the answerer cannot provide the specific affiliations Carmelo A. Milano holds.",1,0,0.5897435897435898,0.0,NOT_SUPPORTED,1.0,"The claim states that 'without such a document, the answerer cannot provide the specific affiliations Carmelo A. Milano holds.' However, the provided evidence clearly lists Carmelo A. Milano's affiliation with Duke University Medical Center as a Professor of Surgery in the Surgery Department. This directly contradicts the claim, as the document provides the specific affiliations requested.","[""AHA:ACC_Heart_Failure_Guidelines_(2022)._2914_ddf3851d91f7""]",Qwen/Qwen2.5-32B-Instruct-AWQ
q_030,dbbebb63-6f37-4205-b592-334a1d0b537f,0,Outpatient health care professionals must communicate target blood glucose levels to patients with diabetes at discharge.,1,0,0.6527777777777778,0.5,PARTIAL,0.9,"The evidence provided discusses the importance of communicating glucose monitoring and home glucose goals to patients with diabetes at discharge. However, it does not explicitly mention 'target blood glucose levels.' Therefore, the claim is partially supported by the evidence.","[""ADA_(standards-of-care-2024).pdf_2412_a14a61c52ff9""]",Qwen/Qwen2.5-32B-Instruct-AWQ
q_030,5889b93c-6d4e-449f-8311-d5b6a97ff3db,1,Outpatient health care professionals must communicate medication dosages to patients with diabetes at discharge.,1,0,0.6527777777777778,0.5,PARTIAL,0.9,"The evidence supports the need to communicate medication changes to outpatient health care professionals at discharge, but it does not specifically mention medication dosages. Therefore, the claim is partially supported as it aligns with the general requirement to communicate medication changes, but it is not fully supported because the specific detail about dosages is not explicitly mentioned.","[""ADA_(standards-of-care-2024).pdf_2411_ff96f82d2aa6""]",Qwen/Qwen2.5-32B-Instruct-AWQ
q_030,c4b0fbc5-d3ed-4efa-b081-37b6269d2e06,2,Outpatient health care professionals must communicate insulin administration schedules to patients with diabetes at discharge.,1,0,0.6527777777777778,0.5,PARTIAL,0.9,"The evidence provided supports the communication of medication instructions, including insulin administration, but it does not explicitly state that insulin administration schedules must be communicated. The claim is partially supported because while the general guidelines recommend communicating medication changes and instructions, there is no specific requirement mentioned for insulin schedules alone.","[""ADA_(standards-of-care-2024).pdf_2412_a14a61c52ff9""]",Qwen/Qwen2.5-32B-Instruct-AWQ
q_030,bc9e7de5-ab6d-4f07-bd53-49d8f147cb1f,3,Outpatient health care professionals must provide detailed instructions on self-monitoring of blood glucose to patients with diabetes at discharge.,1,0,0.6527777777777778,0.5,PARTIAL,0.9,"The evidence supports the idea that outpatient health care professionals should review and address glucose monitoring and home glucose goals with patients with diabetes at discharge. However, the claim specifies that 'detailed instructions' must be provided, which is not explicitly stated in the evidence. The evidence suggests a broader scope of discharge communication needs, including medication changes, follow-up appointments, and other aspects of diabetes management. Therefore, the claim is partially supported.","[""ADA_(standards-of-care-2024).pdf_2412_a14a61c52ff9""]",Qwen/Qwen2.5-32B-Instruct-AWQ
q_030,a44649c5-4455-403a-b0c8-9a3b101a7440,4,Outpatient health care professionals must provide dietary recommendations to patients with diabetes at discharge.,1,0,0.6527777777777778,0.5,PARTIAL,0.8,"The evidence suggests that dietary recommendations and referrals to dietitians are important components of discharge planning for patients with diabetes. However, the evidence does not explicitly state that outpatient healthcare professionals must provide dietary recommendations at discharge. Instead, it mentions the importance of reviewing information on making healthy food choices and referring patients to an outpatient registered dietitian nutritionist or diabetes care and education specialist. Therefore, the claim is partially supported.","[""ADA_(standards-of-care-2024).pdf_2412_a14a61c52ff9""]",Qwen/Qwen2.5-32B-Instruct-AWQ
q_030,8cf98ac0-2efb-4927-866d-04f09769a975,5,Outpatient health care professionals must provide exercise guidelines to patients with diabetes at discharge.,1,0,0.6527777777777778,0.0,NOT_SUPPORTED,1.0,"The evidence provided does not explicitly state that outpatient healthcare professionals must provide exercise guidelines to patients with diabetes at discharge. While there is mention of lifestyle modifications and physical activity, it is not specified as a mandatory requirement at discharge.","[""ADA_(standards-of-care-2024).pdf_2411_ff96f82d2aa6"", ""ADA_(standards-of-care-2024).pdf_2412_a14a61c52ff9""]",Qwen/Qwen2.5-32B-Instruct-AWQ
q_030,3f9c15d9-c056-4a09-8c1d-dfa5b0d05582,6,Outpatient health care professionals must outline emergency protocols to patients with diabetes at discharge.,1,0,0.6527777777777778,0.0,NOT_SUPPORTED,1.0,"The claim states that 'outpatient health care professionals must outline emergency protocols to patients with diabetes at discharge.' However, the evidence provided does not explicitly support this claim. While the evidence mentions the importance of recognizing, treating, and preventing hyperglycemia and hypoglycemia, it does not specify that emergency protocols must be outlined to patients at discharge. Therefore, the claim is not supported by the available evidence.","[""ADA_(standards-of-care-2024).pdf_2412_a14a61c52ff9""]",Qwen/Qwen2.5-32B-Instruct-AWQ
q_030,5ee1d082-44b2-4dbd-a032-a004571e2058,7,Outpatient health care professionals must provide contact information for follow-up care within the first week post-discharge to patients with diabetes.,1,0,0.6527777777777778,0.5,PARTIAL,0.8,"The evidence supports the importance of providing contact information and scheduling follow-up visits for patients with diabetes post-discharge. However, the specific timeframe of 'within the first week' is not explicitly mentioned in the provided evidence. The evidence suggests that follow-up visits should occur within one month, with earlier appointments preferred under certain conditions. Therefore, the claim is partially supported.","[""ADA_(standards-of-care-2024).pdf_2411_ff96f82d2aa6"", ""ADA_(standards-of-care-2024).pdf_2412_a14a61c52ff9""]",Qwen/Qwen2.5-32B-Instruct-AWQ
q_030,0ee27020-27d7-441a-9407-5a5dc3044a5a,8,Regulatory requirements mandate that these communications be documented in the patient's medical record.,1,0,0.6527777777777778,0.5,PARTIAL,0.9,"The evidence provided supports the need for clear communication of information to outpatient healthcare professionals, including medication changes, pending tests, and follow-up needs. However, there is no explicit mention of regulatory requirements mandating that these communications be documented in the patient's medical record. Therefore, the claim is partially supported by the evidence.","[""ADA_(standards-of-care-2024).pdf_2411_ff96f82d2aa6"", ""ADA_(standards-of-care-2024).pdf_2412_a14a61c52ff9""]",Qwen/Qwen2.5-32B-Instruct-AWQ
q_031,f7924888-e89c-451f-9ffa-ab3633e215d1,0,The manufacturer must ensure that the product meets all applicable harmonized standards or other essential requirements.,1,0,0.7391304347826086,0.5,PARTIAL,0.8,"The evidence provided discusses the involvement of a notified body in the conformity assessment procedure and the requirements for the CE marking. However, none of the cited evidence explicitly states that the manufacturer must ensure the product meets all applicable harmonized standards or other essential requirements. While the involvement of a notified body implies some level of compliance verification, the specific requirement mentioned in the claim is not directly supported by the given evidence.","[""t1__cra_2024_2847__rechunk_0154"", ""t1__cra_2024_2847__rechunk_0200""]",Qwen/Qwen2.5-32B-Instruct-AWQ
q_031,99588ba2-be82-48f5-9795-c36ca5d67763,1,A notified body must conduct a technical file review.,1,0,0.7391304347826086,0.0,NOT_SUPPORTED,1.0,"The claim states that 'A notified body must conduct a technical file review.' However, the provided evidence does not explicitly support this claim. The evidence only indicates that a notified body may require necessary information and data for the conformity assessment procedure, but it does not mandate a technical file review. Therefore, the claim is not supported by the evidence.","[""EU_Medical_Device_Regulation_MDR_2017:74_3397_e88949750d65"", ""t1__cra_2024_2847__rechunk_0154""]",Qwen/Qwen2.5-32B-Instruct-AWQ
q_031,9cf538cd-137e-4ce7-b4b0-19e9b04f3204,2,A notified body must conduct a factory audit to confirm compliance.,1,0,0.7391304347826086,0.0,NOT_SUPPORTED,1.0,"The provided evidence does not mention any requirement for a notified body to conduct a factory audit to confirm compliance. The evidence primarily discusses the involvement of notified bodies in conformity assessment procedures and the affixing of the CE marking, but there is no explicit mention of factory audits.","[""EU_Medical_Device_Regulation_MDR_2017:74_3397_e88949750d65"", ""t1__cra_2024_2847__rechunk_0154"", ""t1__cra_2024_2847__rechunk_0153""]",Qwen/Qwen2.5-32B-Instruct-AWQ
q_031,a5113bb7-031f-4af5-8092-3ccf698eb643,3,The notified body must issue a Declaration of Conformity.,1,0,0.7391304347826086,0.0,NOT_SUPPORTED,1.0,"The evidence provided does not support the claim that the notified body must issue a Declaration of Conformity. The documents primarily discuss the CE marking and the role of notified bodies in the conformity assessment process, but do not explicitly state that the notified body must issue a Declaration of Conformity.","[""EU_Medical_Device_Regulation_MDR_2017:74_3397_e88949750d65"", ""EU_Medical_Device_Regulation_MDR_2017:74_3330_7c7de955e444"", ""t1__cra_2024_2847__rechunk_0200""]",Qwen/Qwen2.5-32B-Instruct-AWQ
q_031,9b066803-857b-46b2-8dcb-0aac4f605cc0,4,The Declaration of Conformity is attached to the CE marking on the product.,1,0,0.7391304347826086,0.0,NOT_SUPPORTED,1.0,The evidence provided does not support the claim that the Declaration of Conformity is attached to the CE marking on the product. The evidence discusses the CE marking and the involvement of a notified body but does not mention the Declaration of Conformity being attached to the CE marking.,"[""t1__cra_2024_2847__rechunk_0153"", ""t1__cra_2024_2847__rechunk_0200""]",Qwen/Qwen2.5-32B-Instruct-AWQ
q_031,d254f3de-95cb-45ce-b499-64f4c1ebb799,5,"The process must be completed within the timeframe specified by the relevant EU directive, typically within 12 months from the submission of the technical file.",1,0,0.7391304347826086,0.0,NOT_SUPPORTED,1.0,"The provided evidence does not specify any timeframe for completing the process involving a notified body. The claim states that the process must be completed within 12 months from the submission of the technical file, but there is no explicit mention of such a timeline in the provided texts.","[""EU_Medical_Device_Regulation_MDR_2017:74_3397_e88949750d65"", ""t1__cra_2024_2847__rechunk_0154"", ""t1__cra_2024_2847__rechunk_0200""]",Qwen/Qwen2.5-32B-Instruct-AWQ
q_032,130b8d33-4b5f-405c-b65b-89ca4a76dd04,0,The Online Safety Act 2023 maintains that UK courts have jurisdiction for proceedings related to offences committed outside the United Kingdom.,1,0,0.6881720430107527,0.5,PARTIAL,0.9,"The evidence provided indicates that UK courts do have jurisdiction for certain offences committed outside the United Kingdom, specifically those under sections 179, 181, 183(1), and 184 of the Online Safety Act 2023. However, the claim is overly broad as it does not specify these particular sections and implies jurisdiction over all offences committed outside the UK, which is not fully supported by the evidence.","[""t1__uk_online_safety_act_2023__rechunk_0484"", ""t1__uk_online_safety_act_2023__rechunk_0485"", ""t1__uk_online_safety_act_2023__rechunk_0522""]",Qwen/Qwen2.5-32B-Instruct-AWQ
q_032,1bc65b36-6cf7-4255-a4bd-46efda2ac676,1,The Act does not change the fundamental principle regarding the jurisdiction of UK courts for such offences.,1,0,0.6881720430107527,0.5,PARTIAL,0.8,"The evidence provided indicates that the Online Safety Act 2023 introduces specific conditions under which UK courts can take proceedings for offences committed outside the UK. This suggests a modification to the jurisdictional principles, but it does not provide explicit information about whether these changes fundamentally alter the existing principles or merely extend them. Therefore, the claim that the Act does not change the fundamental principle regarding the jurisdiction of UK courts for such offences is partially supported.","[""t1__uk_online_safety_act_2023__rechunk_0484"", ""t1__uk_online_safety_act_2023__rechunk_0522""]",Qwen/Qwen2.5-32B-Instruct-AWQ
q_032,cda7ebe0-48e1-4595-b41e-6d36219746a1,2,The Act focuses on ensuring that platforms operating within the UK have robust safety measures to protect users from harmful content.,1,0,0.6881720430107527,0.0,NOT_SUPPORTED,1.0,"The provided evidence primarily discusses the jurisdiction and proceedings for offences committed outside the United Kingdom under the Online Safety Act 2023. None of the evidence addresses the claim's focus on ensuring that platforms operating within the UK have robust safety measures to protect users from harmful content. Therefore, the claim is not supported by the available evidence.","[""t1__uk_online_safety_act_2023__rechunk_0484"", ""t1__uk_online_safety_act_2023__rechunk_0522"", ""t1__uk_online_safety_act_2023__rechunk_0485""]",Qwen/Qwen2.5-32B-Instruct-AWQ
q_032,26b651b3-5ca0-48a7-85d7-dccd6262e723,3,"Specific thresholds, numbers, and timelines for proceedings related to offences committed outside the United Kingdom are not provided in the Act.",1,0,0.6881720430107527,0.5,PARTIAL,0.9,"The evidence provided in the chunks clearly outlines the jurisdictional rules for proceedings related to offences committed outside the United Kingdom under the Online Safety Act 2023. However, the evidence does not specify any particular thresholds, numbers, or timelines for these proceedings. Therefore, the claim that 'specific thresholds, numbers, and timelines for proceedings related to offences committed outside the United Kingdom are not provided in the Act' is partially supported.","[""t1__uk_online_safety_act_2023__rechunk_0484"", ""t1__uk_online_safety_act_2023__rechunk_0522"", ""t1__uk_online_safety_act_2023__rechunk_0485""]",Qwen/Qwen2.5-32B-Instruct-AWQ
q_032,6616e240-8781-4eea-bdfa-afde699d5125,4,Regulatory requirements under the Act include the establishment of a UK-based company or entity responsible for compliance with its provisions.,1,0,0.6881720430107527,0.0,NOT_SUPPORTED,1.0,"The provided evidence does not support the claim that regulatory requirements under the Act include the establishment of a UK-based company or entity responsible for compliance with its provisions. The evidence primarily discusses jurisdiction for proceedings related to offences committed outside the United Kingdom, but does not mention any requirement for a UK-based entity for compliance.","[""t1__uk_online_safety_act_2023__rechunk_0484"", ""t1__uk_online_safety_act_2023__rechunk_0522"", ""t1__uk_online_safety_act_2023__rechunk_0485""]",Qwen/Qwen2.5-32B-Instruct-AWQ
q_032,19d8d994-f70e-4845-ba8d-3d05766b7dd1,5,Regulatory requirements under the Act also include the implementation of technical and organizational measures to prevent harm online.,1,0,0.6881720430107527,0.0,NOT_SUPPORTED,1.0,"The provided evidence exclusively discusses the jurisdiction and proceedings for offences committed outside the United Kingdom under the Online Safety Act 2023. None of the evidence addresses the implementation of technical and organizational measures to prevent harm online, which is the focus of the claim.","[""t1__uk_online_safety_act_2023__rechunk_0484"", ""t1__uk_online_safety_act_2023__rechunk_0522"", ""t1__uk_online_safety_act_2023__rechunk_0485""]",Qwen/Qwen2.5-32B-Instruct-AWQ
q_033,01adc4db-2919-42d6-a637-b6ce7f9f6fcc,0,Service providers must include measures addressing content moderation.,1,0,0.5454545454545454,0.5,PARTIAL,0.9,"The evidence provided indicates that service providers must include measures across all areas of a service for children's online safety, but it does not explicitly mention content moderation as a specific requirement. Therefore, the claim is partially supported, as it aligns with the general requirement but lacks explicit support for the specific aspect of content moderation.","[""t1__uk_online_safety_act_2023__rechunk_0673""]",Qwen/Qwen2.5-32B-Instruct-AWQ
q_033,c18a95f5-c316-4c0f-a8ff-c3bff2451ecc,1,Service providers must include measures addressing user verification.,1,0,0.5454545454545454,0.5,PARTIAL,0.9,"The evidence suggests that service providers must include measures that address various aspects of children's online safety, including user verification. However, the evidence does not explicitly state that user verification is a mandatory requirement. Instead, it provides examples of measures that may be taken, such as age verification or age estimation, which can be considered part of user verification. Therefore, the claim is partially supported.","[""t1__uk_online_safety_act_2023__rechunk_0032"", ""t1__uk_online_safety_act_2023__rechunk_0673""]",Qwen/Qwen2.5-32B-Instruct-AWQ
q_033,07b47072-1516-4bd4-9f97-0b71dfb29b5a,2,Service providers must include measures addressing privacy settings.,1,0,0.5454545454545454,0.5,PARTIAL,0.8,"The evidence provided does not explicitly mention privacy settings as a specific requirement for measures related to children's online safety duties. However, the evidence does emphasize that measures must cover all areas of a service to ensure compliance with these duties. Given this broad requirement, it could be inferred that privacy settings might be included under the broader mandate, but there is no explicit statement to this effect.","[""t1__uk_online_safety_act_2023__rechunk_0673"", ""t1__uk_online_safety_act_2023__rechunk_0134""]",Qwen/Qwen2.5-32B-Instruct-AWQ
q_033,66a4a641-4e3a-4dfd-9fbb-a7387414bd87,3,Service providers must include measures addressing parental controls.,1,0,0.5454545454545454,0.5,PARTIAL,0.8,"The evidence provided does not explicitly mention parental controls as a specific requirement for compliance with children's online safety duties. However, the evidence does indicate that measures must cover all areas of a service for ensuring children's online safety. This suggests that while parental controls could be part of the measures, they are not explicitly mandated by the given evidence.","[""t1__uk_online_safety_act_2023__rechunk_0032"", ""t1__uk_online_safety_act_2023__rechunk_0673""]",Qwen/Qwen2.5-32B-Instruct-AWQ
q_033,3e0db2bb-a0ed-4d9d-9eb3-66ab833a68d9,4,Service providers must include measures addressing age verification.,1,0,0.5454545454545454,0.5,PARTIAL,0.9,"The evidence indicates that age verification is one of the measures that can be used for compliance with children's online safety duties, but it is not explicitly stated as a mandatory requirement for all service providers. The duties apply across all areas of a service and include various measures, suggesting that while age verification is an example, other measures may also be sufficient depending on the context.","[""t1__uk_online_safety_act_2023__rechunk_0032"", ""t1__uk_online_safety_act_2023__rechunk_0673"", ""t1__uk_online_safety_act_2023__rechunk_0134""]",Qwen/Qwen2.5-32B-Instruct-AWQ
q_033,e7536070-be7c-44ee-8f5d-64e68f0d3e41,5,Service providers must include measures addressing reporting mechanisms.,1,0,0.5454545454545454,0.0,NOT_SUPPORTED,0.9,"The provided evidence does not explicitly mention that reporting mechanisms are mandatory for compliance with children's online safety duties. While the evidence emphasizes comprehensive coverage across all areas of a service, it does not specifically list reporting mechanisms as a required measure.","[""t1__uk_online_safety_act_2023__rechunk_0673""]",Qwen/Qwen2.5-32B-Instruct-AWQ
q_033,f42da356-a067-47b3-aebb-01973065b767,6,Service providers must include measures addressing regular audits of these measures.,1,0,0.5454545454545454,0.0,NOT_SUPPORTED,1.0,The provided evidence does not support the claim that service providers must include measures addressing regular audits of these measures for compliance with children's online safety duties. The evidence specifies that measures must cover all areas of a service but does not explicitly mention regular audits.,"[""t1__uk_online_safety_act_2023__rechunk_0673""]",Qwen/Qwen2.5-32B-Instruct-AWQ
q_033,0172aa59-201b-4717-8dc2-c8fbd42c0929,7,"Specific thresholds, numbers, and timelines are not provided universally for these measures.",1,0,0.5454545454545454,0.5,PARTIAL,0.8,"The evidence suggests that while there are specific areas of a service that must be included in measures for compliance with children's online safety duties, the evidence does not universally provide specific thresholds, numbers, or timelines. This makes the claim partially supported.","[""t1__uk_online_safety_act_2023__rechunk_0673""]",Qwen/Qwen2.5-32B-Instruct-AWQ
q_033,efdd090d-5ef6-4c40-8bd3-403d2a9bccf3,8,Regulatory requirements can vary by jurisdiction.,1,0,0.5454545454545454,0.0,NOT_SUPPORTED,1.0,"The provided evidence does not support the claim that 'regulatory requirements can vary by jurisdiction.' Instead, the evidence primarily discusses specific requirements under the UK Online Safety Act 2023, without mentioning variations across different jurisdictions.","[""t1__uk_online_safety_act_2023__rechunk_0673""]",Qwen/Qwen2.5-32B-Instruct-AWQ
q_033,706dc88a-93ad-4f88-99e9-603a28d0b523,9,Service providers must adhere to local laws and guidelines.,1,0,0.5454545454545454,0.5,PARTIAL,0.9,"The claim states that service providers must adhere to local laws and guidelines, but it lacks specificity regarding the exact nature of these duties. The evidence provided indicates that compliance with children's online safety duties involves measures across all areas of a service, including functionalities and terms of service. However, the claim itself is too vague and does not provide enough detail to be fully supported.","[""t1__uk_online_safety_act_2023__rechunk_0032"", ""t1__uk_online_safety_act_2023__rechunk_0673""]",Qwen/Qwen2.5-32B-Instruct-AWQ
q_034,4b248e8d-bffd-4820-9133-dd35fcd0a25b,0,'The relevant day' in relation to children's risk assessments refers to the date on which the child was last known to be at risk.,1,0,0.7924528301886793,0.0,NOT_SUPPORTED,1.0,"The evidence provided clearly defines 'the relevant day' as the first day the service is treated as likely to be accessed by children, not the last known date a child was at risk. This directly contradicts the claim.","[""t1__uk_online_safety_act_2023__rechunk_0647""]",Qwen/Qwen2.5-32B-Instruct-AWQ
q_034,37fca050-715e-46e0-9026-30125d7fc012,1,There has been a significant change in circumstances that might affect the child's safety on the 'relevant day'.,1,0,0.7924528301886793,0.0,NOT_SUPPORTED,1.0,"The evidence provided defines 'the relevant day' in the context of children's risk assessments but does not mention any significant changes in circumstances affecting a child's safety. Therefore, the claim is not supported by the given evidence.","[""t1__uk_online_safety_act_2023__rechunk_0646""]",Qwen/Qwen2.5-32B-Instruct-AWQ
q_034,a6523946-bbec-430a-ac57-fe63a2d5b54a,2,The 'relevant day' is crucial for determining the validity of any subsequent assessments or interventions related to the child's welfare.,1,0,0.7924528301886793,0.5,PARTIAL,0.9,"The claim states that 'the relevant day' is crucial for determining the validity of any subsequent assessments or interventions related to the child's welfare. While the evidence does define 'the relevant day' as the first day on which the service is treated as likely to be accessed by children, it does not explicitly state its role in determining the validity of subsequent assessments or interventions. Therefore, the claim is partially supported by the evidence.","[""t1__uk_online_safety_act_2023__rechunk_0646"", ""t1__uk_online_safety_act_2023__rechunk_0647""]",Qwen/Qwen2.5-32B-Instruct-AWQ
q_035,257c6141-f231-4cb3-b96d-1b567438808a,0,Financial entities must conduct comprehensive risk assessments.,1,0,0.9014084507042254,0.5,PARTIAL,0.9,"The evidence clearly indicates that financial entities must conduct risk assessments before entering into contractual arrangements for ICT services supporting critical functions. However, the term 'comprehensive' is not explicitly used in the evidence. While the assessments are thorough and cover various aspects, the claim specifically uses the word 'comprehensive', which is not directly supported by the evidence.","[""t1__dsa_2022_2065__rechunk_0159""]",Qwen/Qwen2.5-32B-Instruct-AWQ
q_035,d34b25a2-c5ec-4a15-a70d-80a5750b41eb,1,These assessments include cybersecurity assessments.,1,0,0.9014084507042254,0.5,PARTIAL,0.9,"The evidence clearly states that financial entities must conduct comprehensive risk assessments and due diligence on prospective ICT third-party service providers before entering into contractual arrangements. However, the specific term 'cybersecurity assessments' is not explicitly mentioned in the provided evidence. Therefore, while the claim is partially supported by the evidence, it cannot be fully confirmed.","[""t1__dsa_2022_2065__rechunk_0159""]",Qwen/Qwen2.5-32B-Instruct-AWQ
q_035,2f032ed0-1033-44ed-a6c8-0c56e5b602f8,2,The assessments should evaluate potential threats and vulnerabilities associated with the ICT services.,1,0,0.9014084507042254,0.5,PARTIAL,0.9,"The evidence clearly states that financial entities must assess all relevant risks in relation to the contractual arrangement for ICT services supporting critical functions. However, the specific terms 'threats' and 'vulnerabilities' are not explicitly mentioned in the provided evidence. While the general concept of risk assessment likely encompasses threats and vulnerabilities, the claim is not fully supported by the explicit language in the evidence.","[""t1__dsa_2022_2065__rechunk_0159""]",Qwen/Qwen2.5-32B-Instruct-AWQ
q_035,10b35738-51c7-4048-9e29-d2e203985b06,3,Regulatory requirements mandate that these assessments include an evaluation of data protection measures.,1,0,0.9014084507042254,0.5,PARTIAL,0.8,"The evidence suggests that financial entities must conduct thorough assessments and due diligence on prospective ICT service providers, including compliance with information security standards. However, the evidence does not explicitly state that data protection measures must be evaluated as a distinct and separate requirement. Therefore, the claim is partially supported.","[""t1__dsa_2022_2065__rechunk_0159""]",Qwen/Qwen2.5-32B-Instruct-AWQ
q_035,dc7ba18a-573a-4955-b399-274c2e4b3989,4,Assessments should also include an evaluation of disaster recovery plans.,1,0,0.9014084507042254,0.0,NOT_SUPPORTED,1.0,"The evidence provided does not explicitly mention the requirement to evaluate disaster recovery plans as part of the assessments financial entities must conduct before entering into a contractual arrangement for ICT services supporting critical functions. The assessments mentioned in the evidence include evaluating risks, undertaking due diligence, and ensuring compliance with information security standards, but there is no specific reference to disaster recovery plans.","[""t1__dsa_2022_2065__rechunk_0159"", ""t1__dsa_2022_2065__rechunk_0163"", ""t1__dsa_2022_2065__rechunk_0165""]",Qwen/Qwen2.5-32B-Instruct-AWQ
q_035,bdd7e30d-3ef0-4e61-821a-9fb77e33783a,5,Incident response protocols should be evaluated during the assessments.,1,0,0.9014084507042254,0.0,NOT_SUPPORTED,1.0,"The evidence provided does not mention incident response protocols as part of the assessments required before entering into a contractual arrangement for ICT services. The assessments focus on identifying and assessing risks, ensuring compliance with information security standards, and conducting due diligence on prospective ICT third-party service providers.","[""t1__dsa_2022_2065__rechunk_0159"", ""t1__dsa_2022_2065__rechunk_0163"", ""t1__dsa_2022_2065__rechunk_0165""]",Qwen/Qwen2.5-32B-Instruct-AWQ
q_035,fb9bc1cc-17ff-4891-b34d-0d1497c280ba,6,These assessments should be conducted within a specified timeframe.,1,0,0.9014084507042254,0.0,NOT_SUPPORTED,1.0,"The evidence provided clearly outlines the types of assessments financial entities must conduct before entering into a contractual arrangement for ICT services supporting critical functions. However, none of the evidence specifies a particular timeframe for these assessments. Therefore, the claim that 'these assessments should be conducted within a specified timeframe' is not supported by the available evidence.","[""t1__dsa_2022_2065__rechunk_0159""]",Qwen/Qwen2.5-32B-Instruct-AWQ
q_035,31c63ad6-65ef-4cd5-b9dd-34d20b09f667,7,The specified timeframe is typically no later than six months prior to entering into the contractual arrangement.,1,0,0.9014084507042254,0.0,NOT_SUPPORTED,1.0,"The evidence provided does not mention any specific timeframe for conducting the assessments before entering into a contractual arrangement. The claim specifies a timeframe of 'no later than six months prior,' but this detail is not supported by the available evidence.","[""t1__dsa_2022_2065__rechunk_0159""]",Qwen/Qwen2.5-32B-Instruct-AWQ
q_035,46ad7d56-dfca-4a31-9e5a-9e39b5eed6ed,8,"Compliance with relevant financial sector regulations such as GDPR, PCI DSS, or local financial industry standards is required.",1,0,0.9014084507042254,0.5,PARTIAL,0.8,"The evidence provided discusses the need for financial entities to assess risks and suitability of ICT third-party service providers and ensure they adhere to appropriate information security standards. However, it does not explicitly mention compliance with specific regulations like GDPR, PCI DSS, or local financial industry standards. Therefore, the claim is partially supported by the evidence.","[""t1__dsa_2022_2065__rechunk_0159""]",Qwen/Qwen2.5-32B-Instruct-AWQ
q_036,ca06b02a-e3d3-4ce4-b11d-3834e5cac748,0,The court must consider the severity of the non-compliance.,1,0,0.5068493150684932,0.5,PARTIAL,0.9,"The evidence provided does not explicitly mention the severity of non-compliance as a specific factor that the court must consider when making a service restriction order. Instead, the court is required to consider the rights and obligations of all relevant parties, including the non-compliant provider, the persons on whom requirements are being imposed, and United Kingdom users of the relevant service. While severity of non-compliance could be inferred as part of the broader considerations, it is not explicitly stated.","[""t1__uk_online_safety_act_2023__rechunk_0377""]",Qwen/Qwen2.5-32B-Instruct-AWQ
q_036,caf79b52-46a1-4742-835d-38889300ea5f,1,The court must consider the potential harm to patients if the order is not enforced.,1,0,0.5068493150684932,0.5,PARTIAL,0.9,"The evidence provided indicates that the court must consider the prevention of harm to individuals in the United Kingdom when making a service restriction order. However, the specific mention of 'potential harm to patients' if the order is not enforced is not explicitly stated in the evidence. Therefore, the claim is partially supported.","[""t1__uk_online_safety_act_2023__rechunk_0377""]",Qwen/Qwen2.5-32B-Instruct-AWQ
q_036,e3f8c704-f7fb-4b7a-b21b-d75e401aa04f,2,The court must consider the provider's ability to comply with the restrictions.,1,0,0.5068493150684932,0.5,PARTIAL,0.9,"The evidence provided indicates that the court must consider the rights and obligations of the non-compliant provider, among other factors, when making a service restriction order. However, there is no explicit mention of the court needing to consider the provider's ability to comply with the restrictions. Therefore, the claim is partially supported by the evidence.","[""t1__uk_online_safety_act_2023__rechunk_0377""]",Qwen/Qwen2.5-32B-Instruct-AWQ
q_036,dbcbfde6-0e77-4bbd-9943-ef174c55e8a3,3,The court must consider any mitigating circumstances.,1,0,0.5068493150684932,0.5,PARTIAL,0.9,"The evidence provided specifies that the court must take into account the rights and obligations of all relevant parties, including the non-compliant provider, but it does not explicitly mention mitigating circumstances. Therefore, the claim is partially supported as the court does consider various factors, but mitigating circumstances are not explicitly listed.","[""t1__uk_online_safety_act_2023__rechunk_0377""]",Qwen/Qwen2.5-32B-Instruct-AWQ
q_036,93c30ea3-5ec0-4075-a03d-5de85393695b,4,The court must ensure that the order aligns with applicable state and federal regulations.,1,0,0.5068493150684932,0.0,NOT_SUPPORTED,1.0,"The evidence provided does not explicitly mention that the court must ensure the order aligns with applicable state and federal regulations. Instead, the evidence focuses on the court taking into account the rights and obligations of all relevant parties, including the non-compliant provider, persons on whom requirements are being imposed, and UK users of the relevant service. There is no direct reference to state and federal regulations.","[""t1__uk_online_safety_act_2023__rechunk_0377"", ""t1__uk_online_safety_act_2023__rechunk_0378"", ""t1__uk_online_safety_act_2023__rechunk_0375""]",Qwen/Qwen2.5-32B-Instruct-AWQ
q_036,1b384aaa-75f5-49de-9c79-087041aaa744,5,The order should be designed to minimize disruption to patient care.,1,0,0.5068493150684932,0.5,PARTIAL,0.9,"The evidence provided indicates that the court must consider the rights and obligations of all relevant parties when making a service restriction order. However, there is no explicit mention of minimizing disruption to patient care. Therefore, the claim is partially supported by the evidence.","[""t1__uk_online_safety_act_2023__rechunk_0377""]",Qwen/Qwen2.5-32B-Instruct-AWQ
q_036,0f13c1d1-5c3c-4f79-a73d-034d39e84445,6,The order should ensure compliance with legal standards.,1,0,0.5068493150684932,0.5,PARTIAL,0.9,"The evidence provided indicates that the court must consider the rights and obligations of all relevant parties, including the non-compliant provider, when making a service restriction order. However, the evidence does not explicitly state that the primary objective is to ensure compliance with legal standards. Therefore, the claim is partially supported by the evidence.","[""t1__uk_online_safety_act_2023__rechunk_0377""]",Qwen/Qwen2.5-32B-Instruct-AWQ
q_037,097160e2-9de6-4495-977d-5b08ee8bb45f,0,A provider must infer that the content is likely to incite hatred or discrimination.,1,0,0.8333333333333334,0.5,PARTIAL,0.8,"The claim states that a provider must infer that the content is likely to incite hatred or discrimination. While the evidence does indicate that providers must infer all elements necessary for the commission of an offense, including mental elements, it does not specifically mention inciting hatred or discrimination. Therefore, the claim is partially supported, as the general requirement to infer elements of an offense exists, but the specific criteria mentioned in the claim are not explicitly stated in the provided evidence.","[""t1__uk_online_safety_act_2023__rechunk_0500"", ""t1__uk_online_safety_act_2023__rechunk_0501""]",Qwen/Qwen2.5-32B-Instruct-AWQ
q_037,c57acb61-9bfb-464a-936f-e9bba3ee2e2b,1,"The content must target a protected characteristic such as race, ethnicity, gender, sexual orientation, religion, or disability.",1,0,0.8333333333333334,0.0,NOT_SUPPORTED,1.0,"The provided evidence does not support the claim that the content must target a protected characteristic such as race, ethnicity, gender, sexual orientation, religion, or disability to determine if it constitutes an offence under the regulations. The evidence only mentions the need for reasonable grounds to infer that content meets certain criteria for an offence, without specifying the protected characteristics.","[""t1__uk_online_safety_act_2023__rechunk_0500"", ""t1__uk_online_safety_act_2023__rechunk_0501""]",Qwen/Qwen2.5-32B-Instruct-AWQ
q_037,023fd02b-33da-4446-95c4-b03257b1ba9f,2,The threshold for determining if content constitutes an offence varies by jurisdiction.,1,0,0.8333333333333334,0.0,NOT_SUPPORTED,1.0,"The provided evidence does not support the claim that the threshold for determining if content constitutes an offence varies by jurisdiction. Instead, the evidence consistently refers to a uniform approach based on 'reasonable grounds to infer' that content constitutes an offence. There is no mention of jurisdiction-specific thresholds.","[""t1__uk_online_safety_act_2023__rechunk_0500"", ""t1__uk_online_safety_act_2023__rechunk_0501"", ""t1__uk_online_safety_act_2023__rechunk_0166""]",Qwen/Qwen2.5-32B-Instruct-AWQ
q_037,eb813534-5249-46d9-959c-2ff218a3a390,3,The threshold generally requires evidence of a substantial likelihood that the content will cause harm or significant offense.,1,0,0.8333333333333334,0.5,PARTIAL,0.8,"The claim states that the threshold requires evidence of a substantial likelihood that the content will cause harm or significant offense. However, the evidence provided consistently refers to 'reasonable grounds' for inferring that content constitutes an offense, without explicitly mentioning 'substantial likelihood' or 'significant offense'. Therefore, while the general concept of inferring potential offenses is supported, the specific wording in the claim is not fully aligned with the evidence.","[""t1__uk_online_safety_act_2023__rechunk_0501"", ""t1__uk_online_safety_act_2023__rechunk_0500""]",Qwen/Qwen2.5-32B-Instruct-AWQ
q_037,ddb1a4b7-f4a5-416d-9ab6-0d035652de2f,4,Regulatory bodies provide guidance on what constitutes reasonable grounds for such an inference.,1,0,0.8333333333333334,1.0,SUPPORTED,1.0,"The evidence provided clearly states that regulatory bodies provide guidance on what constitutes reasonable grounds for a provider to infer that content constitutes an offence. Specifically, the evidence mentions that the approach to be followed is whether a provider has reasonable grounds to infer that content is of the kind in question.","[""t1__uk_online_safety_act_2023__rechunk_0500""]",Qwen/Qwen2.5-32B-Instruct-AWQ
q_037,9e5048c6-0380-4f18-b7db-4af506fc74cb,5,Reasonable grounds typically require a high degree of probability based on the context and nature of the content.,1,0,0.8333333333333334,0.5,PARTIAL,0.8,"The claim states that 'reasonable grounds typically require a high degree of probability based on the context and nature of the content.' While the evidence does mention 'reasonable grounds,' it does not explicitly define these grounds as requiring a 'high degree of probability' or specify the importance of the context and nature of the content. Therefore, the claim is partially supported by the evidence.","[""t1__uk_online_safety_act_2023__rechunk_0500""]",Qwen/Qwen2.5-32B-Instruct-AWQ
q_038,a7abdeaa-3155-45cf-9b79-5f47927dd612,0,The directive that repeals Council Directives 90/385/EEC and 93/42/EEC is Directive 2011/65/EU.,1,0,0.8125,0.0,NOT_SUPPORTED,1.0,"The claim states that Directive 2011/65/EU repeals Council Directives 90/385/EEC and 93/42/EEC. However, the evidence clearly shows that it is Regulation (EU) 2017/745 that repeals these directives. Therefore, the claim is not supported by the evidence.","[""EU_Medical_Device_Regulation_MDR_2017:74_3522_245e68dd2b2a"", ""t1__nis2_2022_2555__rechunk_0231""]",Qwen/Qwen2.5-32B-Instruct-AWQ
q_038,2bf647fd-8315-4efa-9651-6df30813488b,1,"Directive 2011/65/EU includes specific thresholds, numbers, and timelines for harmonizing the rules on medical devices within the European Union.",1,0,0.8125,0.0,NOT_SUPPORTED,1.0,"The claim states that Directive 2011/65/EU includes specific thresholds, numbers, and timelines for harmonizing the rules on medical devices within the European Union. However, the evidence provided discusses Directive 2017/745/EU, which repeals Council Directives 90/385/EEC and 93/42/EEC. There is no evidence supporting the specific details mentioned in the claim regarding Directive 2011/65/EU.","[""t1__nis2_2022_2555__rechunk_0231""]",Qwen/Qwen2.5-32B-Instruct-AWQ
q_038,ec972641-410c-4d2b-aac3-33a82d10bc7a,2,The directive sets out detailed requirements for placing medical devices on the market.,1,0,0.8125,0.5,PARTIAL,0.9,"The evidence provided discusses the repeal of certain articles from Council Directives 90/385/EEC and 93/42/EEC but does not explicitly detail the comprehensive requirements for placing medical devices on the market. While the directive does set out some requirements, the evidence is not sufficient to fully support the claim.","[""EU_Medical_Device_Regulation_MDR_2017:74_3522_245e68dd2b2a"", ""EU_Medical_Device_Regulation_MDR_2017:74_3523_33c19b92cffc"", ""t1__nis2_2022_2555__rechunk_0231""]",Qwen/Qwen2.5-32B-Instruct-AWQ
q_038,dbec6f31-3302-4450-939e-88cd782aad7d,3,The directive ensures the safety and performance of medical devices.,1,0,0.8125,0.5,PARTIAL,0.8,"The evidence provided discusses the repeal of specific articles from Council Directives 90/385/EEC and 93/42/EEC and mentions the regulation of medical devices. However, it does not explicitly state that the directive ensures the safety and performance of medical devices. Therefore, the claim is partially supported by the evidence.","[""EU_Medical_Device_Regulation_MDR_2017:74_3522_245e68dd2b2a"", ""EU_Medical_Device_Regulation_MDR_2017:74_3524_bcee53f41c9c"", ""EU_Medical_Device_Regulation_MDR_2017:74_3523_33c19b92cffc"", ""t1__nis2_2022_2555__rechunk_0231"", ""t1__nis2_2022_2555__rechunk_0232""]",Qwen/Qwen2.5-32B-Instruct-AWQ
q_038,7c3a3cf9-b3ba-472b-a499-fb5f643e6ccc,4,The directive replaces the previous directives with more stringent standards and compliance mechanisms.,1,0,0.8125,0.5,PARTIAL,0.9,"The evidence clearly shows that the directive repeals parts of the previous directives, specifically Council Directives 90/385/EEC and 93/42/EEC. However, the evidence does not provide explicit information regarding whether the new standards and compliance mechanisms are more stringent. Therefore, the claim is partially supported.","[""EU_Medical_Device_Regulation_MDR_2017:74_3522_245e68dd2b2a"", ""EU_Medical_Device_Regulation_MDR_2017:74_3523_33c19b92cffc"", ""EU_Medical_Device_Regulation_MDR_2017:74_3524_bcee53f41c9c""]",Qwen/Qwen2.5-32B-Instruct-AWQ
q_039,011aee3a-ce1f-4e3b-ae81-793ca520732a,0,Violating personal information handling regulations can result in significant penalties.,1,0,0.7283950617283951,0.5,PARTIAL,0.9,"The evidence supports the claim that violating personal information handling regulations can result in penalties, including fines and imprisonment. However, the term 'significant' is subjective and varies across different jurisdictions. Some jurisdictions mention substantial fines and imprisonment periods, while others have lower penalties. Therefore, the claim is partially supported.","[""t1__saudi_pdpl__rechunk_0033"", ""t1_sg_pdpa_2012__rechunk_0143"", ""t1__japan_appi__rechunk_0137"", ""t1__us_hipaa__rechunk_0058""]",Qwen/Qwen2.5-32B-Instruct-AWQ
q_039,9ba0b9c4-639e-403d-a914-580bc83a3a16,1,Fines for violating personal information handling regulations can range from several thousand dollars to millions of dollars.,1,0,0.7283950617283951,0.5,PARTIAL,0.8,"The claim states that fines for violating personal information handling regulations can range from several thousand dollars to millions of dollars. The evidence provided supports this claim to some extent, showing fines ranging from $5,000 to $50,000 in Singapore and up to 1,000,000 yen in Japan and 3 million Saudi Riyals in Saudi Arabia. However, the evidence does not comprehensively cover all jurisdictions and the full range mentioned in the claim. Therefore, the claim is partially supported.","[""t1__japan_appi__rechunk_0137"", ""t1__saudi_pdpl__rechunk_0033"", ""t1_sg_pdpa_2012__rechunk_0143""]",Qwen/Qwen2.5-32B-Instruct-AWQ
q_039,3d0fc6f9-9ae5-4271-8755-f2619aaca6cc,2,Organizations may face legal action for violating personal information handling regulations.,1,0,0.7283950617283951,1.0,SUPPORTED,0.95,"The claim that 'Organizations may face legal action for violating personal information handling regulations' is fully supported by the evidence. Multiple pieces of evidence from different jurisdictions indicate that organizations can face various legal actions, including fines and imprisonment, for violating personal information handling regulations.","[""t1__japan_appi__rechunk_0137"", ""t1_sg_pdpa_2012__rechunk_0143"", ""t1__saudi_pdpl__rechunk_0033"", ""t1__us_hipaa__rechunk_0058""]",Qwen/Qwen2.5-32B-Instruct-AWQ
q_039,d22acfe9-87ba-40d9-a24d-fe1b6cca1877,3,Organizations may face public censure for violating personal information handling regulations.,1,0,0.7283950617283951,0.5,PARTIAL,0.8,"The evidence suggests that organizations may face various forms of penalties for violating personal information handling regulations, including recommendations to rectify violations and orders to take necessary actions. While the evidence does not explicitly mention 'public censure', it implies that such actions could be considered under 'other necessary action'. Therefore, the claim is partially supported.","[""t1__japan_appi__rechunk_0086""]",Qwen/Qwen2.5-32B-Instruct-AWQ
q_039,4fafd9f3-b52d-4590-bbe4-3af4bcb70229,4,Organizations may suffer damage to their reputation for violating personal information handling regulations.,1,0,0.7283950617283951,0.5,PARTIAL,0.8,"The evidence provided discusses various penalties including fines, imprisonment, and orders to rectify violations, but does not explicitly mention damage to reputation. However, it is reasonable to infer that such violations could lead to reputational damage as a consequence of legal penalties and public scrutiny. Therefore, the claim is partially supported.","[""t1__japan_appi__rechunk_0086"", ""t1__japan_appi__rechunk_0137""]",Qwen/Qwen2.5-32B-Instruct-AWQ
q_039,3e4ec108-0953-45c5-9a7d-97f9b5d966a6,5,Regulatory bodies typically impose penalties within a specified timeframe.,1,0,0.7283950617283951,0.5,PARTIAL,0.9,"The evidence clearly shows that regulatory bodies do impose penalties for violations of personal information handling regulations. However, the evidence does not consistently indicate that these penalties are imposed within a specified timeframe. Some pieces of evidence mention specific penalties and their amounts but do not specify a timeframe, while others discuss the imposition of penalties without mentioning a specific timeframe. Therefore, the claim is partially supported.","[""t1__japan_appi__rechunk_0086"", ""t1__saudi_pdpl__rechunk_0033"", ""t1__japan_appi__rechunk_0137"", ""t1_sg_pdpa_2012__rechunk_0143""]",Qwen/Qwen2.5-32B-Instruct-AWQ
q_039,0bbdbd80-6996-4341-9ef5-83eec429951e,6,The specified timeframe for imposing penalties for violating personal information handling regulations often ranges from six months to two years after the violation is discovered or reported.,1,0,0.7283950617283951,0.0,NOT_SUPPORTED,1.0,The evidence provided does not support the claim that the specified timeframe for imposing penalties for violating personal information handling regulations often ranges from six months to two years after the violation is discovered or reported. None of the cited evidence chunks mention such a specific timeframe.,"[""t1__japan_appi__rechunk_0086"", ""t1__saudi_pdpl__rechunk_0033"", ""t1__japan_appi__rechunk_0137"", ""t1_sg_pdpa_2012__rechunk_0143"", ""t1__us_hipaa__rechunk_0058""]",Qwen/Qwen2.5-32B-Instruct-AWQ
q_039,ffe91a51-5a4e-44dd-aac8-36a3637f8640,7,Specific thresholds and timelines for penalties vary by jurisdiction.,1,0,0.7283950617283951,0.5,PARTIAL,0.8,"The claim states that specific thresholds and timelines for penalties vary by jurisdiction. The evidence provided supports this claim by showing different penalties in various jurisdictions, such as Japan, Saudi Arabia, Singapore, and the United States. However, the evidence does not provide a comprehensive overview covering all possible jurisdictions or scenarios, leading to a partial support verdict.","[""t1__japan_appi__rechunk_0086"", ""t1__japan_appi__rechunk_0137"", ""t1__saudi_pdpl__rechunk_0033"", ""t1_sg_pdpa_2012__rechunk_0143"", ""t1__us_hipaa__rechunk_0058""]",Qwen/Qwen2.5-32B-Instruct-AWQ
q_039,a7a2b1f7-b329-457f-b42c-4eb8e40b7ac0,8,Penalties are aimed at ensuring compliance with data protection laws and safeguarding individual privacy rights.,1,0,0.7283950617283951,0.5,PARTIAL,0.9,"The claim states that penalties are aimed at ensuring compliance with data protection laws and safeguarding individual privacy rights. While the evidence supports the notion that penalties exist to ensure compliance and protect privacy, it also includes specific examples of monetary fines and imprisonment, which are not explicitly mentioned in the claim. Therefore, the claim is partially supported by the evidence.","[""t1__japan_appi__rechunk_0086"", ""t1__saudi_pdpl__rechunk_0033"", ""t1_sg_pdpa_2012__rechunk_0143"", ""t1__japan_appi__rechunk_0137"", ""t1__us_hipaa__rechunk_0058""]",Qwen/Qwen2.5-32B-Instruct-AWQ
q_040,5f29ecbb-da2d-4293-b9dd-b85b73f93f8c,0,The sender must immediately cease all unsolicited communications to the Singapore telephone number.,1,1,0.6307692307692307,0.5,PARTIAL,0.9,"The claim states that the sender must immediately cease all unsolicited communications to the Singapore telephone number upon receiving a notice of withdrawal of consent. However, the evidence clearly specifies that the sender must cease sending messages after the expiry of a prescribed period, not immediately. This discrepancy means the claim is partially supported but not fully accurate.","[""t1_sg_pdpa_2012__rechunk_0082""]",Qwen/Qwen2.5-32B-Instruct-AWQ
q_040,acec7ae4-8473-4f56-87ef-a49f4baf8811,1,The sender must ensure compliance with the Personal Data Protection Act (PDPA).,1,0,0.6307692307692307,0.5,PARTIAL,0.9,"The evidence provided indicates that upon receiving a notice of withdrawal of consent, the sender must cease sending any specified message to the Singapore telephone number after the expiry of the prescribed period. However, the evidence does not explicitly mention compliance with the Personal Data Protection Act (PDPA) as the sole requirement. Therefore, the claim is partially supported.","[""t1_sg_pdpa_2012__rechunk_0082"", ""t1_sg_pdpa_2012__rechunk_0083"", ""t1_sg_pdpa_2012__rechunk_0081""]",Qwen/Qwen2.5-32B-Instruct-AWQ
q_040,119efa6d-1332-4906-93fa-0c281e34e286,2,The sender must remove the individual's data from their records.,1,0,0.6307692307692307,0.0,NOT_SUPPORTED,1.0,"The evidence provided clearly states that upon receiving a notice of withdrawal of consent, the sender must cease sending any specified message to the Singapore telephone number after the expiry of the prescribed period. However, there is no explicit requirement mentioned in the evidence for the sender to remove the individual's data from their records. Therefore, the claim is not supported by the available evidence.","[""t1_sg_pdpa_2012__rechunk_0082""]",Qwen/Qwen2.5-32B-Instruct-AWQ
q_040,4b71b9ee-fa46-49d0-b223-3c2dcb24a967,3,The sender must notify the relevant authorities about the change within 72 hours of receiving the notice.,1,0,0.6307692307692307,0.0,NOT_SUPPORTED,1.0,"The evidence provided does not support the claim that the sender must notify the relevant authorities about the change within 72 hours of receiving the notice. Instead, the evidence clearly states that the sender must cease sending any specified message to the Singapore telephone number after the expiry of the prescribed period. There is no mention of notifying authorities.","[""t1_sg_pdpa_2012__rechunk_0082""]",Qwen/Qwen2.5-32B-Instruct-AWQ
q_040,9e9a622d-1ede-4fc7-8c3c-76cfa180fe6f,4,Regulatory bodies such as the Personal Data Protection Commission (PDPC) will enforce these requirements.,1,0,0.6307692307692307,0.0,NOT_SUPPORTED,1.0,"The provided evidence clearly outlines the actions required upon receiving a withdrawal notice but does not mention any enforcement by regulatory bodies such as the Personal Data Protection Commission (PDPC). Therefore, the claim that 'Regulatory bodies such as the Personal Data Protection Commission (PDPC) will enforce these requirements' is not supported by the evidence.","[""t1_sg_pdpa_2012__rechunk_0082"", ""t1_sg_pdpa_2012__rechunk_0083"", ""t1_sg_pdpa_2012__rechunk_0081""]",Qwen/Qwen2.5-32B-Instruct-AWQ
q_041,34eaf83d-9f07-4923-962f-01bdcea8bde7,0,The procedure for reviewing GAI system outputs for validity and safety involves comparing the system's output against predefined thresholds or standards.,1,0,0.7333333333333333,0.5,PARTIAL,0.8,"The evidence provided discusses reviewing GAI system outputs for validity and safety but does not explicitly mention comparing these outputs against predefined thresholds or standards. While the claim suggests a specific method (comparison against thresholds), the evidence only indicates a general review process without specifying the use of thresholds.","[""t3__us__nist__ai_rmf_genai_profile__2024__rechunk_0036""]",Qwen/Qwen2.5-32B-Instruct-AWQ
q_041,9f9e7062-1ca8-41d5-b730-b52dede89f14,1,"A thorough analysis is conducted to assess the safety of the GAI system, including evaluating potential risks and ensuring compliance with regulatory guidelines.",1,1,0.7333333333333333,0.5,PARTIAL,0.8,"The evidence supports the idea that GAI system outputs are reviewed for validity and safety, including assessing risks. However, the claim specifically mentions a 'thorough analysis' and 'ensuring compliance with regulatory guidelines,' which are not explicitly detailed in the provided evidence. Therefore, the claim is partially supported.","[""t3__us__nist__ai_rmf_genai_profile__2024__rechunk_0036""]",Qwen/Qwen2.5-32B-Instruct-AWQ
q_041,b9bccb83-0889-4fec-9796-e1ec67a0ca26,2,A timeline is established for continuous monitoring and updating of the review process to adapt to new data and technological advancements.,1,0,0.7333333333333333,0.5,PARTIAL,0.8,"The evidence provided indicates that there are regular reviews and updates of GAI system outputs and safety measures. However, it does not explicitly mention a specific timeline for continuous monitoring and updating of the review process. Therefore, the claim is partially supported by the evidence.","[""t3__us__nist__ai_rmf_genai_profile__2024__rechunk_0036"", ""t3__us__nist__ai_rmf_genai_profile__2024__rechunk_0034""]",Qwen/Qwen2.5-32B-Instruct-AWQ
q_041,4d435d6f-5f4e-453c-9003-ac536241bc38,3,Regulatory requirements may mandate periodic audits and certifications to maintain the system's validity and safety.,1,0,0.7333333333333333,0.5,PARTIAL,0.9,"The evidence provided indicates that there are reviews and audits for the validity and safety of GAI system outputs. However, it does not explicitly mention periodic audits and certifications as regulatory mandates. Therefore, the claim is partially supported by the evidence.","[""t3__us__nist__ai_rmf_genai_profile__2024__rechunk_0036""]",Qwen/Qwen2.5-32B-Instruct-AWQ
q_042,8113fb43-8874-4cec-b42e-63496c897c6f,0,The ETSI Group Report SAI 005 is titled 'Guidelines for the Security Assessment of Internet of Things (IoT) Devices'.,1,0,0.9104477611940298,0.0,NOT_SUPPORTED,1.0,"The provided evidence does not contain the exact title of the ETSI Group Report SAI 005 as claimed. The evidence only mentions that it is a report on securing artificial intelligence and mitigation strategies, but does not specify that it is titled 'Guidelines for the Security Assessment of Internet of Things (IoT) Devices'. Therefore, the claim is not supported by the given evidence.","[""t3__us__nist__ai_rmf__1_0__2023__rechunk_0127""]",Qwen/Qwen2.5-32B-Instruct-AWQ
q_042,6658ab23-e0f5-4173-8c42-f641285ae165,1,The report outlines specific security assessment guidelines for IoT devices.,1,0,0.9104477611940298,0.0,NOT_SUPPORTED,1.0,"The provided evidence does not contain any specific details about the content or purpose of ETSI Group Report SAI 005 regarding security assessment guidelines for IoT devices. The evidence only mentions the existence of the report and its focus on securing artificial intelligence, which is insufficient to support the claim.","[""t3__us__nist__ai_rmf__1_0__2023__rechunk_0127""]",Qwen/Qwen2.5-32B-Instruct-AWQ
q_042,38f326a3-e233-4232-8c79-4026bd613197,2,The report provides a framework for manufacturers and operators to ensure that IoT products meet stringent security standards.,1,0,0.9104477611940298,0.0,NOT_SUPPORTED,1.0,The provided evidence does not contain any specific details about the purpose of ETSI Group Report SAI 005 related to ensuring that IoT products meet stringent security standards. The evidence only mentions the existence of the report but does not elaborate on its contents or specific purposes.,"[""t3__us__nist__ai_rmf__1_0__2023__rechunk_0127""]",Qwen/Qwen2.5-32B-Instruct-AWQ
q_042,3cacca17-eff6-485a-8a5a-ac91ce224415,3,"The report includes guidelines on encryption, authentication, and privacy protections.",1,0,0.9104477611940298,0.0,NOT_SUPPORTED,1.0,"The provided evidence does not contain any specific details about the content of ETSI Group Report SAI 005 regarding encryption, authentication, and privacy protections. Therefore, the claim is not supported by the given evidence.","[""t3__us__nist__ai_rmf__1_0__2023__rechunk_0127""]",Qwen/Qwen2.5-32B-Instruct-AWQ
q_042,b3398a22-c6d3-4ae9-a779-309c5a2c3d8a,4,The report aims to establish minimum security requirements and best practices to mitigate risks associated with insecure IoT deployments.,1,0,0.9104477611940298,0.0,NOT_SUPPORTED,1.0,"The provided evidence does not contain explicit details about the purpose of ETSI Group Report SAI 005. The claim states that the report aims to establish minimum security requirements and best practices to mitigate risks associated with insecure IoT deployments, but the evidence only mentions the title and a brief description of the report as 'Securing artificial intelligence (SAI); mitigation strategy report'. There is no supporting information that confirms the specific purpose as claimed.","[""t3__us__nist__ai_rmf__1_0__2023__rechunk_0127""]",Qwen/Qwen2.5-32B-Instruct-AWQ
q_042,78da8eda-9027-4927-a524-ad6c0a3c4d66,5,Regulatory bodies can use this document as a reference to enforce compliance and enhance overall cybersecurity in the IoT sector.,1,0,0.9104477611940298,0.0,NOT_SUPPORTED,1.0,The provided evidence does not contain any information indicating that regulatory bodies can use the ETSI Group Report SAI 005 to enforce compliance and enhance overall cybersecurity in the IoT sector. The evidence only mentions the existence of the report but does not elaborate on its usage by regulatory bodies.,"[""t3__us__nist__ai_rmf__1_0__2023__rechunk_0127""]",Qwen/Qwen2.5-32B-Instruct-AWQ
q_043,39039d67-5d54-4577-825c-eda6152b6727,0,Market surveillance authorities have comprehensive access rights to all data and documentation related to products with digital elements.,1,0,0.75,0.5,PARTIAL,0.9,"The evidence supports that market surveillance authorities have access rights to data and documentation related to products with digital elements, but these rights are conditional upon a reasoned request and are limited to what is necessary for assessing conformity with essential cybersecurity requirements. The claim that they have 'comprehensive access rights to all data and documentation' is not fully supported by the evidence.","[""t1__cra_2024_2847__rechunk_0187""]",Qwen/Qwen2.5-32B-Instruct-AWQ
q_043,cad39943-45a5-4a08-8d4e-f4c89fb37f97,1,This includes the right to request access to source code.,1,0,0.75,0.5,PARTIAL,0.9,"The evidence supports that market surveillance authorities have the right to request access to data and documentation necessary to assess the conformity of products with digital elements. However, the evidence does not explicitly mention access to source code. Therefore, the claim is partially supported.","[""t1__cra_2024_2847__rechunk_0187""]",Qwen/Qwen2.5-32B-Instruct-AWQ
q_043,2a1cb833-6ac6-4d1c-bed2-711951e8c4cb,2,This includes the right to request access to user manuals.,1,0,0.75,0.5,PARTIAL,0.9,"The evidence provided indicates that market surveillance authorities have the right to access necessary data and documentation to assess the conformity of products with digital elements. However, the evidence does not explicitly mention user manuals. Therefore, the claim that market surveillance authorities have the right to request access to user manuals is partially supported.","[""t1__cra_2024_2847__rechunk_0187""]",Qwen/Qwen2.5-32B-Instruct-AWQ
q_043,f00d982d-ce8d-4135-8df8-7a43b7999664,3,This includes the right to request access to technical specifications.,1,0,0.75,0.5,PARTIAL,0.9,"The evidence supports the broader access to data and documentation necessary for assessing the conformity of products with digital elements. However, the evidence does not explicitly mention 'technical specifications.' Therefore, the claim is partially supported.","[""t1__cra_2024_2847__rechunk_0187""]",Qwen/Qwen2.5-32B-Instruct-AWQ
q_043,b48b4aeb-ca7a-472c-baef-54adb018b05c,4,This includes the right to request access to any other relevant materials.,1,0,0.75,0.5,PARTIAL,0.9,"The evidence supports the right of market surveillance authorities to access data and documentation necessary for assessing the conformity of products with digital elements. However, the claim specifically mentions 'any other relevant materials,' which is not explicitly stated in the evidence. Therefore, the claim is partially supported.","[""t1__cra_2024_2847__rechunk_0187""]",Qwen/Qwen2.5-32B-Instruct-AWQ
q_043,661401d9-1c03-4e49-b867-ed80dc0d41b3,5,Market surveillance authorities must comply with legal obligations such as obtaining necessary permits.,1,0,0.75,0.5,PARTIAL,0.9,"The evidence supports that market surveillance authorities have access to necessary data and documentation upon a reasoned request, as stated in [t1__cra_2024_2847__rechunk_0187]. However, the claim also mentions 'complying with legal obligations such as obtaining necessary permits,' which is not explicitly addressed in the provided evidence. Therefore, the claim is partially supported.","[""t1__cra_2024_2847__rechunk_0187""]",Qwen/Qwen2.5-32B-Instruct-AWQ
q_043,adff55b0-5854-485c-a909-c82a23da81e2,6,Market surveillance authorities must comply with legal obligations such as adhering to data protection regulations like GDPR.,1,0,0.75,0.5,PARTIAL,0.9,"The evidence indicates that market surveillance authorities must cooperate with data protection authorities and have access to necessary data and documentation. However, the claim specifically mentions GDPR compliance, which is not explicitly stated in the provided evidence. Therefore, the claim is partially supported.","[""t1__cra_2024_2847__rechunk_0184"", ""t1__cra_2024_2847__rechunk_0187""]",Qwen/Qwen2.5-32B-Instruct-AWQ
q_043,918a370b-5899-436e-a963-557afc5b1afb,7,Access must be conducted securely and in accordance with privacy laws.,1,0,0.75,0.5,PARTIAL,0.9,"The evidence supports the notion that market surveillance authorities must conduct access to data and documentation securely and in accordance with legal frameworks. However, the evidence does not explicitly mention 'privacy laws.' Therefore, the claim is partially supported.","[""t1__cra_2024_2847__rechunk_0187"", ""t1__cra_2024_2847__rechunk_0184"", ""t1__cra_2024_2847__rechunk_0135""]",Qwen/Qwen2.5-32B-Instruct-AWQ
q_043,bd60ac65-7dee-4887-9493-eb08b0a28fb5,8,Market surveillance authorities have the authority to inspect premises where these products are stored or manufactured.,1,0,0.75,0.5,PARTIAL,0.9,"The evidence supports the claim that market surveillance authorities have the authority to access necessary data and documentation to assess the conformity of products with digital elements. However, the evidence does not explicitly mention the right to inspect premises where these products are stored or manufactured. Therefore, the claim is partially supported.","[""t1__cra_2024_2847__rechunk_0187""]",Qwen/Qwen2.5-32B-Instruct-AWQ
q_043,c2db4649-b1c5-4e85-b547-99e5c70a9bb0,9,Market surveillance authorities can require companies to provide detailed information about the functionality of their digital products.,1,0,0.75,0.5,PARTIAL,0.9,"The evidence supports that market surveillance authorities can access necessary data and documentation to assess the conformity and cybersecurity of digital products. However, the claim specifically mentions 'detailed information about the functionality' of digital products, which is not explicitly stated in the evidence. Therefore, the claim is partially supported.","[""t1__cra_2024_2847__rechunk_0187""]",Qwen/Qwen2.5-32B-Instruct-AWQ
q_043,88420779-9ea0-4fab-9d24-a9fa4bb08bdb,10,Market surveillance authorities can require companies to provide detailed information about the security features of their digital products.,1,0,0.75,0.5,PARTIAL,0.9,"The evidence indicates that market surveillance authorities can access necessary data and documentation to assess the conformity of products with digital elements and the processes put in place by their manufacturers with essential cybersecurity requirements. However, the evidence does not explicitly mention 'detailed information about the security features'. Therefore, the claim is partially supported.","[""t1__cra_2024_2847__rechunk_0187""]",Qwen/Qwen2.5-32B-Instruct-AWQ
q_043,3b1ef77a-f546-4b03-86d0-eb6a5774d9c0,11,Market surveillance authorities can require companies to provide detailed information about the compliance status of their digital products.,1,0,0.75,0.5,PARTIAL,0.9,"The evidence supports that market surveillance authorities can request and access necessary data and documentation to assess the conformity of digital products. However, the claim specifically mentions 'detailed information about the compliance status,' which is not explicitly stated in the evidence. Therefore, the claim is partially supported.","[""t1__cra_2024_2847__rechunk_0187""]",Qwen/Qwen2.5-32B-Instruct-AWQ
q_044,67e295cb-c88f-4800-aadf-02407c408e1f,0,The complexity and sophistication of the models employed are key factors in analyzing operational risk.,1,0,0.7428571428571429,0.5,PARTIAL,0.9,"The claim that the complexity and sophistication of the models employed are key factors in analyzing operational risk is partially supported by the evidence. The evidence does mention the nature, extent, and complexity of models as factors to consider, which aligns with the claim. However, the evidence also highlights several other significant factors such as data quality, third-party reliance, operational losses, and the level of uncertainty or inaccuracy of model inputs and assumptions. Therefore, while the claim is supported, it is not the sole factor in analyzing operational risk.","[""t2__us__occ__model_risk_management_handbook__2011__rechunk_0098""]",Qwen/Qwen2.5-32B-Instruct-AWQ
q_044,8357fcde-2b57-47c2-8931-0d2c03b0d729,1,The quality and accuracy of data inputs are key factors in analyzing operational risk.,1,0,0.7428571428571429,0.5,PARTIAL,0.9,"The evidence supports the importance of the quality and accuracy of data inputs as factors in analyzing operational risk, but it also highlights several other significant factors such as model complexity, reliance on third parties, and frequency of monitoring. Therefore, while the claim is partially supported, it is not fully supported as there are multiple contributing factors.","[""t2__us__occ__model_risk_management_handbook__2011__rechunk_0098""]",Qwen/Qwen2.5-32B-Instruct-AWQ
q_044,2c5239b1-74de-4bc3-b892-27e0bd5e2194,2,The robustness of validation processes are key factors in analyzing operational risk.,1,0,0.7428571428571429,0.5,PARTIAL,0.9,"The claim states that the robustness of validation processes is a key factor in analyzing operational risk. While the provided evidence discusses multiple factors that contribute to operational risk, it does not explicitly highlight the robustness of validation processes as a key factor. However, the robustness of validation processes is implicitly included within the broader context of model risk management, particularly in relation to weaknesses in data, assumptions, estimations, or testing. Therefore, the claim is partially supported.","[""t2__us__occ__model_risk_management_handbook__2011__rechunk_0098""]",Qwen/Qwen2.5-32B-Instruct-AWQ
q_044,37fd747f-76f0-448f-92b6-143ae96bd3cd,3,The frequency and thoroughness of model testing are key factors in analyzing operational risk.,1,0,0.7428571428571429,0.5,PARTIAL,0.9,"The claim states that the frequency and thoroughness of model testing are key factors in analyzing operational risk. The evidence supports the importance of the frequency of ongoing monitoring of the bank's models, but it does not explicitly mention the thoroughness of model testing. Additionally, the evidence highlights several other factors that are also crucial in assessing operational risk, such as the nature and extent of the bank's reliance on third parties, the volume of operational losses, and the level of uncertainty or inaccuracy of model inputs and assumptions. Therefore, the claim is partially supported.","[""t2__us__occ__model_risk_management_handbook__2011__rechunk_0098""]",Qwen/Qwen2.5-32B-Instruct-AWQ
q_044,6e62e39d-ee4c-4e63-a87d-52031ec8726a,4,The adequacy of internal controls and governance structures are key factors in analyzing operational risk.,1,0,0.7428571428571429,0.5,PARTIAL,0.9,"The evidence supports the claim that the adequacy of internal controls and governance structures are important factors in analyzing operational risk. However, the evidence also indicates that other factors such as the nature, extent, and complexity of models, reliance on third parties, and the volume of operational losses are also significant. Therefore, while the claim is partially supported, it is not fully supported as there are multiple key factors involved.","[""t2__us__occ__model_risk_management_handbook__2011__rechunk_0098"", ""t2__us__occ__model_risk_management_handbook__2011__rechunk_0102""]",Qwen/Qwen2.5-32B-Instruct-AWQ
q_044,79d055d4-2378-4e24-92d3-ffa7520cba3a,5,Regulatory bodies often require banks to establish clear thresholds for these factors.,1,0,0.7428571428571429,0.0,NOT_SUPPORTED,1.0,"The provided evidence discusses various factors to consider when analyzing the quantity of operational risk associated with a bank's model use, but it does not mention any requirement by regulatory bodies to establish clear thresholds for these factors. Therefore, the claim is not supported by the evidence.","[""t2__us__occ__model_risk_management_handbook__2011__rechunk_0098"", ""t2__us__occ__model_risk_management_handbook__2011__rechunk_0102"", ""t2__us__occ__model_risk_management_handbook__2011__rechunk_0096""]",Qwen/Qwen2.5-32B-Instruct-AWQ
q_044,e5d3aabd-f361-4c36-be74-401f3421c3ee,6,Operational risks need to be appropriately managed and mitigated.,1,0,0.7428571428571429,0.5,PARTIAL,0.9,"The evidence provided discusses the importance of analyzing and managing operational risks associated with a bank's model use. However, it does not explicitly state that these risks need to be 'appropriately managed and mitigated.' The claim is partially supported because while the evidence emphasizes the necessity of managing operational risks, it lacks the specific language of 'appropriate management and mitigation.'","[""t2__us__occ__model_risk_management_handbook__2011__rechunk_0098""]",Qwen/Qwen2.5-32B-Instruct-AWQ
q_044,57adb53d-cd46-4fe3-bf63-ec3886754169,7,Timelines for implementing improvements based on risk assessments should be established to meet regulatory expectations and maintain compliance.,1,0,0.7428571428571429,0.0,NOT_SUPPORTED,1.0,"The claim states that 'Timelines for implementing improvements based on risk assessments should be established to meet regulatory expectations and maintain compliance.' However, the evidence provided does not mention anything about establishing timelines for implementing improvements based on risk assessments. Instead, it focuses on factors to consider when analyzing the quantity of operational risk associated with a bank's model use. Therefore, the claim is not supported by the given evidence.","[""t2__us__occ__model_risk_management_handbook__2011__rechunk_0098""]",Qwen/Qwen2.5-32B-Instruct-AWQ
q_045,6593f3c9-6ca5-4b78-a723-d9394b29e524,0,Genetic AI (GenAI) models can pose significant risks related to input data leaks.,1,0,0.7384615384615385,0.5,PARTIAL,0.8,"The evidence supports the claim that GenAI models can pose significant risks related to input data leaks, particularly due to user interaction and rich context information. However, the evidence does not comprehensively cover all specific risks associated with GenAI models, leaving some ambiguity.","[""t3__owasp__ai_agent_security_cheatsheet_converted__rechunk__0053"", ""t3__us__nist__ai_rmf__1_0__2023__rechunk_0009""]",Qwen/Qwen2.5-32B-Instruct-AWQ
q_045,0fa68b6a-adcc-4fc9-a6a9-8efe8cfaba82,1,"These risks include unauthorized access to sensitive or personal information, such as genetic sequences.",1,0,0.7384615384615385,0.5,PARTIAL,0.8,"The evidence supports the claim that GenAI models pose risks related to unauthorized access to sensitive or personal information. However, the specific mention of 'genetic sequences' is not explicitly supported by the provided evidence. The evidence discusses various types of sensitive data, including addresses, phone numbers, and email addresses, but does not specifically mention genetic sequences.","[""t3__us__nist__ai_rmf__1_0__2023__rechunk_0010"", ""t3__owasp__ai_agent_security_cheatsheet_converted__rechunk_0053""]",Qwen/Qwen2.5-32B-Instruct-AWQ
q_045,64e551fb-f873-4bc8-824a-7ae5c9ec7654,2,Unauthorized access to sensitive or personal information could lead to privacy breaches and ethical violations.,1,0,0.7384615384615385,0.5,PARTIAL,0.8,"The evidence supports the claim that unauthorized access to sensitive or personal information can lead to privacy breaches and ethical violations due to data leaks from GenAI models. However, the evidence does not cover all aspects of unauthorized access, such as other forms of data manipulation or broader security implications beyond data leaks.","[""t3__us__nist__ai_rmf__1_0__2023__rechunk_0010"", ""t3__owasp__ai_agent_security_cheatsheet_converted__rechunk_0053"", ""t3__us__nist__ai_rmf__1_0__2023__rechunk_0009"", ""t3__owasp__ai_agent_security_cheatsheet_converted__rechunk__0054""]",Qwen/Qwen2.5-32B-Instruct-AWQ
q_045,88c42340-d783-4b48-9705-eb672584c0d6,3,Regulatory bodies mandate strict data protection measures.,1,0,0.7384615384615385,0.0,NOT_SUPPORTED,1.0,"The provided evidence does not support the claim that regulatory bodies mandate strict data protection measures. While the evidence discusses various risks and issues related to data protection in GenAI models, there is no explicit mention of regulatory mandates.","[""t3__owasp__ai_agent_security_cheatsheet_converted__rechunk_0053"", ""t3__us__nist__ai_rmf__1_0__2023__rechunk__0010"", ""t3__owasp__ai_agent_security_cheatsheet_converted__rechunk_0050"", ""t3__us__nist__ai_rmf__1_0__2023__rechunk_0009"", ""t3__owasp__ai_agent_security_cheatsheet_converted__rechunk_0054""]",Qwen/Qwen2.5-32B-Instruct-AWQ
q_045,5a44500a-0042-4e00-a40d-8d2adf635117,4,Regulatory bodies also mandate the use of anonymization techniques.,1,0,0.7384615384615385,0.0,NOT_SUPPORTED,1.0,"The evidence provided does not support the claim that regulatory bodies mandate the use of anonymization techniques for GenAI models. While the evidence discusses various risks and security measures related to GenAI models, including the risk of input data leaks, there is no explicit mention of regulatory mandates requiring anonymization techniques.","[""t3__owasp__ai_agent_security_cheatsheet_converted__rechunk_0053""]",Qwen/Qwen2.5-32B-Instruct-AWQ
q_045,c25330ef-cfeb-4e8b-83bb-e69f78766cca,5,Developers are required to implement robust security protocols.,1,0,0.7384615384615385,0.0,NOT_SUPPORTED,1.0,"The provided evidence discusses various risks and security concerns related to GenAI models, including input data leaks and the need for security controls. However, none of the evidence explicitly states that developers are required to implement robust security protocols. Therefore, the claim is not supported by the available evidence.","[""t3__owasp__ai_agent_security_cheatsheet_converted__rechunk_0053"", ""t3__us__nist__ai_rmf__1_0__2023__rechunk_0010"", ""t3__owasp__ai_agent_security_cheatsheet_converted__rechunk_0050"", ""t3__us__nist__ai_rmf__1_0__2023__rechunk_0009"", ""t3__owasp__ai_agent_security_cheatsheet_converted__rechunk_0054""]",Qwen/Qwen2.5-32B-Instruct-AWQ
q_045,f953261d-514d-4892-9fc0-b2b4c28d6482,6,Developers must comply with relevant laws like GDPR and HIPAA.,1,0,0.7384615384615385,0.0,NOT_SUPPORTED,1.0,"The provided evidence discusses various risks associated with GenAI models, including data leaks and privacy concerns. However, none of the evidence mentions specific compliance requirements like GDPR and HIPAA. Therefore, the claim that 'developers must comply with relevant laws like GDPR and HIPAA' is not supported by the given evidence.","[""t3__owasp__ai_agent_security_cheatsheet_converted__rechunk_0053"", ""t3__owasp__ai_agent_security_cheatsheet_converted__rechunk_0050"", ""t3__us__nist__ai_rmf__1_0__2023__rechunk_0010"", ""t3__us__nist__ai_rmf__1_0__2023__rechunk_0009"", ""t3__owasp__ai_agent_security_cheatsheet_converted__rechunk_0054""]",Qwen/Qwen2.5-32B-Instruct-AWQ
q_045,a69b50c2-a216-4772-9718-d8f293bf1886,7,Compliance with relevant laws is required within specified timelines.,1,0,0.7384615384615385,0.0,NOT_SUPPORTED,1.0,"The claim states that 'Compliance with relevant laws is required within specified timelines.' However, the evidence provided does not mention any specific compliance requirements or timelines. Instead, the evidence focuses on the risks associated with input data leaks and other security concerns related to GenAI models. Therefore, the claim is not supported by the available evidence.","[""t3__owasp__ai_agent_security_cheatsheet_converted__rechunk_0053""]",Qwen/Qwen2.5-32B-Instruct-AWQ
q_046,97ff1088-0052-4833-852c-4483b0cf5ac9,0,An essential element of a bank's model risk management framework includes establishing clear governance structures with designated roles and responsibilities for overseeing model risk.,1,0,0.9466666666666667,1.0,SUPPORTED,0.9,The evidence provided supports the claim that an essential element of a bank's model risk management framework includes establishing clear governance structures with designated roles and responsibilities for overseeing model risk. Both pieces of evidence from the EVIDENCE POOL explicitly mention governance as an essential element and highlight the importance of defined roles and responsibilities.,"[""t2__us__fed_occ_fdic__supervisory_guidance_model_risk__2011__rechunk_0008"", ""t2__us__occ__model_risk_management_handbook__2011__rechunk_0065""]",Qwen/Qwen2.5-32B-Instruct-AWQ
q_046,0c0ddd70-70cd-4647-8083-6dfc7d9afe35,1,This governance structure should involve a Model Risk Management Committee.,1,0,0.9466666666666667,0.0,NOT_SUPPORTED,1.0,"The claim states that a Model Risk Management Committee should be part of the governance structure. However, the evidence provided does not explicitly mention a Model Risk Management Committee. Instead, the evidence discusses the importance of governance and model validation processes in general terms. Therefore, the claim is not supported by the available evidence.","[""t2__us__fed_occ_fdic__supervisory_guidance_model_risk__2011__rechunk_0008"", ""t2__us__occ__model_risk_management_handbook__2011__rechunk_0022"", ""t2__us__occ__model_risk_management_handbook__2011__rechunk_0067""]",Qwen/Qwen2.5-32B-Instruct-AWQ
q_046,e5cab5e8-81a4-4061-885e-6d0cd6a41717,2,"The Model Risk Management Committee ensures models are appropriately validated, monitored, and updated.",1,0,0.9466666666666667,0.5,PARTIAL,0.9,"The claim states that the Model Risk Management Committee ensures models are appropriately validated, monitored, and updated. While the evidence supports the importance of validation, monitoring, and updating models, it does not explicitly mention a 'Model Risk Management Committee'. Therefore, the claim is partially supported by the evidence, as it correctly highlights key elements of model risk management but lacks specific reference to the committee mentioned.","[""t2__us__occ__model_risk_management_handbook__2011__rechunk_0065"", ""t2__us__occ__model_risk_management_handbook__2011__rechunk_0067""]",Qwen/Qwen2.5-32B-Instruct-AWQ
q_046,2c6ac4e5-8b74-4e89-9bc2-996ff5f70e06,3,Banks must maintain rigorous validation processes.,1,0,0.9466666666666667,0.5,PARTIAL,0.9,"The claim that 'Banks must maintain rigorous validation processes' is partially supported by the evidence. The evidence clearly states that rigorous validation processes are essential elements of a bank's model risk management framework. However, the term 'must' implies an absolute requirement, whereas the evidence suggests that the rigor and extent of validation processes should be commensurate with the material impact and complexity of the models used. Therefore, while rigorous validation processes are indeed crucial, the claim is not fully supported due to the conditional nature of the requirement.","[""t2__us__occ__model_risk_management_handbook__2011__rechunk_0022"", ""t2__us__occ__model_risk_management_handbook__2011__rechunk_0065"", ""t2__us__occ__model_risk_management_handbook__2011__rechunk_0067""]",Qwen/Qwen2.5-32B-Instruct-AWQ
q_046,15b309cc-d9c9-445d-ae88-77100a4000f0,4,"These validation processes ensure that models are accurate, reliable, and aligned with regulatory standards.",1,0,0.9466666666666667,0.5,PARTIAL,0.9,"The evidence supports that validation processes help ensure models are sound, accurate, and reliable. However, the evidence does not explicitly state that these processes ensure alignment with regulatory standards. Therefore, the claim is partially supported.","[""t2__us__occ__model_risk_management_handbook__2011__rechunk_0065"", ""t2__us__occ__model_risk_management_handbook__2011__rechunk_0067""]",Qwen/Qwen2.5-32B-Instruct-AWQ
q_046,5b45ef37-7cf9-45f3-8f94-9b46268bdb5b,5,Regulatory requirements mandate that these frameworks be documented and reviewed periodically.,1,0,0.9466666666666667,0.5,PARTIAL,0.9,"The evidence suggests that it is a good practice for banks to document and periodically review their model risk management frameworks, but it does not explicitly state that this is a regulatory requirement. Therefore, the claim is partially supported by the evidence.","[""t2__us__occ__model_risk_management_handbook__2011__rechunk_0067""]",Qwen/Qwen2.5-32B-Instruct-AWQ
q_046,adc33b98-9ac3-4585-8b2d-a18e599b03f5,6,Any changes or updates to the framework must be communicated transparently to relevant stakeholders.,1,0,0.9466666666666667,0.0,NOT_SUPPORTED,1.0,"The provided evidence does not contain any specific mention or implication that changes or updates to the model risk management framework must be communicated transparently to relevant stakeholders. The evidence focuses on the general structure and components of the framework, but lacks the specific requirement stated in the claim.","[""t2__us__occ__model_risk_management_handbook__2011__rechunk_0022"", ""t2__us__fed_occ_fdic__supervisory_guidance_model_risk__2011__rechunk_0007"", ""t2__us__occ__model_risk_management_handbook__2011__rechunk_0067"", ""t2__us__occ__model_risk_management_handbook__2011__rechunk_0065"", ""t2__us__fed_occ_fdic__supervisory_guidance_model_risk__2011__rechunk_0008""]",Qwen/Qwen2.5-32B-Instruct-AWQ
q_046,34fa923c-cf3a-4ac1-8b70-fe6f77c11e98,7,Timelines for implementing and maintaining such frameworks typically align with annual regulatory audits and internal reviews.,1,0,0.9466666666666667,0.0,NOT_SUPPORTED,1.0,The provided evidence does not mention any specific timelines for implementing and maintaining model risk management frameworks in relation to annual regulatory audits and internal reviews. The evidence focuses on the essential elements and principles of model risk management but lacks the specific details required to support the claim.,"[""t2__us__occ__model_risk_management_handbook__2011__rechunk_0022"", ""t2__us__fed_occ_fdic__supervisory_guidance_model_risk__2011__rechunk_0007"", ""t2__us__occ__model_risk_management_handbook__2011__rechunk_0067"", ""t2__us__fed_occ_fdic__supervisory_guidance_model_risk__2011__rechunk_0008"", ""t2__us__occ__model_risk_management_handbook__2011__rechunk_0065""]",Qwen/Qwen2.5-32B-Instruct-AWQ
q_047,75ff43b0-644b-4aa3-bc16-85a1c5c34847,0,"When a business makes automated decision-making technology available for significant decisions, it must inform recipients of the existence and functionality of such systems.",1,0,0.8311688311688312,0.5,PARTIAL,0.9,"The evidence provided indicates that a business must provide necessary facts to the recipient-business for conducting a risk assessment when making automated decision-making technology (ADMT) available for significant decisions. However, the evidence does not explicitly state that the business must inform the recipient of the existence and functionality of such systems. Therefore, the claim is partially supported by the evidence.","[""t1__ca_ccpa__rechunk_0202""]",Qwen/Qwen2.5-32B-Instruct-AWQ
q_047,3e20c553-9a06-4e69-86ca-948e332d7cce,1,The business must provide clear explanations of how these systems operate.,1,0,0.8311688311688312,0.5,PARTIAL,0.9,"The claim states that a business must provide clear explanations of how automated decision-making technology (ADMT) operates. While the evidence does indicate that businesses must provide explanations, specifically in 'plain language', these explanations are primarily required for consumer requests rather than for recipient-businesses. The evidence does not explicitly state that businesses must provide clear explanations to recipient-businesses, leading to partial support for the claim.","[""t1__ca_ccpa__rechunk_0225""]",Qwen/Qwen2.5-32B-Instruct-AWQ
q_047,61917479-c688-4c63-b5ec-9065ee2d1df9,2,The business must explain the criteria used in the decision-making processes of these systems.,1,0,0.8311688311688312,0.5,PARTIAL,0.9,"The evidence provided suggests that businesses must provide certain details about the Automated Decision-Making Technology (ADMT) to the recipient-business, including the logic and purpose of the ADMT. However, the evidence does not explicitly state that businesses must explain the specific criteria used in the decision-making processes of these systems. Therefore, the claim is partially supported.","[""t1__ca_ccpa__rechunk_0202"", ""t1__ca_ccpa__rechunk_0225""]",Qwen/Qwen2.5-32B-Instruct-AWQ
q_047,6019c425-a94a-447f-928d-cb4cf1ffe940,3,Recipients should be given the opportunity to contest or challenge the automated decisions if they believe there is an error or bias.,1,0,0.8311688311688312,0.0,NOT_SUPPORTED,1.0,The evidence provided does not explicitly support the claim that recipients should be given the opportunity to contest or challenge automated decisions if they believe there is an error or bias. The evidence primarily focuses on the requirement for businesses to provide information to consumers about the use of Automated Decision-Making Technology (ADMT) and the need to conduct risk assessments. There is no explicit mention of a right to contest or challenge decisions.,"[""t1__ca_ccpa__rechunk_0202"", ""t1__ca_ccpa__rechunk_0225"", ""t1__ca_ccpa__rechunk_0212""]",Qwen/Qwen2.5-32B-Instruct-AWQ
q_047,51a3f468-a1e4-4794-bba1-ef1311b9819c,4,Regulatory requirements may vary by jurisdiction.,1,0,0.8311688311688312,0.0,NOT_SUPPORTED,1.0,"The provided evidence specifically addresses requirements under California law (CCPA) and does not mention any variations based on jurisdiction. Therefore, the claim that 'regulatory requirements may vary by jurisdiction' is not supported by the given evidence.","[""t1__ca_ccpa__rechunk_0202""]",Qwen/Qwen2.5-32B-Instruct-AWQ
q_047,7ae34946-2f3b-4c1f-b149-22196709a1d1,5,Businesses must comply with data protection laws such as GDPR or CCPA.,1,0,0.8311688311688312,0.5,PARTIAL,0.9,"The claim states that businesses must comply with data protection laws such as GDPR or CCPA. While the provided evidence clearly indicates that businesses must comply with certain aspects of CCPA related to Automated Decision-Making Technology (ADMT), there is no explicit mention of GDPR. Therefore, the claim is partially supported by the evidence, as it is clear that businesses must comply with CCPA, but the evidence does not address GDPR.","[""t1__ca_ccpa__rechunk_0202""]",Qwen/Qwen2.5-32B-Instruct-AWQ
q_047,a1af93df-38b0-44f5-963d-4ed5485ac32a,6,Data protection laws require transparency and fairness in automated decision-making processes.,1,0,0.8311688311688312,0.5,PARTIAL,0.9,"The evidence supports the claim that data protection laws require transparency in automated decision-making processes, as evidenced by the requirement for businesses to provide all necessary facts to recipient-businesses for conducting risk assessments. However, the evidence does not explicitly address fairness in these processes, leading to an ambiguous stance on the full claim.","[""t1__ca_ccpa__rechunk_0202""]",Qwen/Qwen2.5-32B-Instruct-AWQ
q_048,a77e3a73-1be3-499d-98fc-b9890bee0967,0,Member State staff have the responsibility to oversee and facilitate AI regulatory sandboxes within their jurisdictions.,1,0,0.9473684210526315,0.5,PARTIAL,0.9,"The evidence clearly indicates that Member State staff assist in establishing and developing AI regulatory sandboxes and facilitate cooperation and information-sharing among these sandboxes. However, the evidence does not explicitly state that they have the responsibility to oversee these sandboxes. Therefore, the claim is partially supported.","[""t1__eu_ai_act_2024__rechunk_0334"", ""t1__eu_ai_act_2024__rechunk_0335""]",Qwen/Qwen2.5-32B-Instruct-AWQ
q_048,25d76403-c543-4ce2-b12c-fe6b97bdc036,1,They must ensure that these sandboxes comply with national and EU regulations.,1,0,0.9473684210526315,0.5,PARTIAL,0.8,"The evidence suggests that staff of Member States are involved in ensuring that AI regulatory sandboxes comply with regulations, but it does not explicitly state that they must ensure compliance with both national and EU regulations. The evidence mentions providing guidance, supervision, and support within the sandboxes, which implies some form of compliance oversight, but it does not clearly specify the scope of regulations.","[""t1__eu_ai_act_2024__rechunk_0301"", ""t1__eu_ai_act_2024__rechunk_0334""]",Qwen/Qwen2.5-32B-Instruct-AWQ
q_048,54a1d96d-e192-4921-9d23-125011c2c4d8,2,They provide guidance and support to stakeholders.,1,0,0.9473684210526315,0.5,PARTIAL,0.8,"The evidence supports the claim that staff of Member States provide guidance and support within AI regulatory sandboxes, particularly to providers and prospective providers. However, the scope of 'stakeholders' is broader than what is explicitly mentioned in the evidence, which mainly refers to providers and prospective providers. Therefore, the claim is partially supported.","[""t1__eu_ai_act_2024__rechunk_0301"", ""t1__eu_ai_act_2024__rechunk_0334""]",Qwen/Qwen2.5-32B-Instruct-AWQ
q_048,f7a3a7dd-5ebd-4fc5-8470-aeb6a3768c6c,3,They monitor the activities conducted within the sandbox to assess the safety and efficacy of AI applications.,1,0,0.9473684210526315,0.5,PARTIAL,0.9,"The evidence suggests that staff of Member States do monitor activities within AI regulatory sandboxes and provide guidance, supervision, and support to identify risks and test mitigation measures. However, the evidence does not explicitly state that their role includes assessing the safety and efficacy of AI applications. Therefore, the claim is partially supported.","[""t1__eu_ai_act_2024__rechunk_0301""]",Qwen/Qwen2.5-32B-Instruct-AWQ
q_048,0d9588d6-fd57-4328-a195-d96cf295f62c,4,They are required to report any findings or issues identified during the sandbox process to relevant authorities for further action if necessary.,1,0,0.9473684210526315,0.5,PARTIAL,0.8,"The evidence provided does not explicitly state that staff of Member States are required to report findings or issues from the sandbox process to relevant authorities. However, there is some indication that staff are involved in supporting and developing AI regulatory sandboxes, which could imply a role in reporting findings or issues. Therefore, the claim is partially supported.","[""t1__eu_ai_act_2024__rechunk_0334"", ""t1__eu_ai_act_2024__rechunk_0335""]",Qwen/Qwen2.5-32B-Instruct-AWQ
q_049,e5f5049e-095c-4a89-9a99-2780b92d3ac7,0,High-risk AI systems must undergo a comprehensive cybersecurity assessment throughout their lifecycle.,1,0,0.6438356164383562,0.5,PARTIAL,0.9,"The evidence suggests that high-risk AI systems must undergo cybersecurity assessments that take into account various risks throughout their lifecycle. However, the term 'comprehensive' is not explicitly used in the provided evidence, leading to some ambiguity. Therefore, the claim is partially supported.","[""t1__cra_2024_2847__rechunk_0038"", ""t1__eu_ai_act_2024__rechunk_0079""]",Qwen/Qwen2.5-32B-Instruct-AWQ
q_049,17339d4c-1cec-4589-b619-9e15589c449b,1,Cybersecurity assessments include identifying potential vulnerabilities and threats.,1,0,0.6438356164383562,0.5,PARTIAL,0.8,"The evidence suggests that cybersecurity assessments for high-risk AI systems are indeed important and involve taking into account various risks, including attempts to alter the use, behavior, or performance of the AI system. However, the evidence does not explicitly state that these assessments include identifying potential vulnerabilities and threats. Therefore, while the claim is partially supported, it is not fully substantiated by the available evidence.","[""t1__eu_ai_act_2024__rechunk_0079"", ""t1__cra_2024_2847__rechunk_0038""]",Qwen/Qwen2.5-32B-Instruct-AWQ
q_049,29012b4c-07e0-4a57-808e-0185c2f5602d,2,Robust security measures such as encryption and secure data handling practices should be implemented.,1,0,0.6438356164383562,0.5,PARTIAL,0.8,"The evidence provided discusses the importance of implementing robust cybersecurity measures for high-risk AI systems, including the need for security controls. However, the specific measures mentioned in the claim, such as encryption and secure data handling practices, are not explicitly detailed in the evidence. Therefore, the claim is partially supported by the evidence.","[""t1__eu_ai_act_2024__rechunk_0079"", ""t1__cra_2024_2847__rechunk_0038""]",Qwen/Qwen2.5-32B-Instruct-AWQ
q_049,d76d7c8f-cdee-46b4-bfbd-086c3837c135,3,Regular updates and maintenance of these systems are required.,1,0,0.6438356164383562,0.0,NOT_SUPPORTED,1.0,"The evidence provided does not explicitly state that regular updates and maintenance are required for high-risk AI systems. While the documents discuss cybersecurity risks and the importance of assessments, there is no clear requirement for regular updates and maintenance.","[""t1__cra_2024_2847__rechunk_0038"", ""t1__cra_2024_2847__rechunk_0037"", ""t1__eu_ai_act_2024__rechunk_0079"", ""t1__cra_2024_2847__rechunk_0105"", ""t1__eu_ai_act_2024__rechunk_0056""]",Qwen/Qwen2.5-32B-Instruct-AWQ
q_049,36fd08a2-e934-4303-83b6-cabb35d5d940,4,Regulatory requirements mandate that these assessments be conducted at least annually.,1,0,0.6438356164383562,0.0,NOT_SUPPORTED,1.0,The evidence provided does not mention any specific frequency for conducting cybersecurity risk assessments for high-risk AI systems. The claim that 'Regulatory requirements mandate that these assessments be conducted at least annually' is not supported by the available evidence.,"[""t1__cra_2024_2847__rechunk_0038""]",Qwen/Qwen2.5-32B-Instruct-AWQ
q_049,f4d8ce64-c04b-4cbe-8f9f-f55bf536ea03,5,Compliance timelines start from the date of the regulation's entry into force.,1,0,0.6438356164383562,0.0,NOT_SUPPORTED,1.0,"The evidence provided does not contain any information regarding compliance timelines starting from the regulation's entry into force. The evidence primarily focuses on cybersecurity requirements and assessments for high-risk AI systems, but there is no mention of specific timelines.","[""t1__cra_2024_2847__rechunk_0038"", ""t1__cra_2024_2847__rechunk_0037"", ""t1__cra_2024_2847__rechunk_0105"", ""t1__eu_ai_act_2024__rechunk_0079"", ""t1__eu_ai_act_2024__rechunk_0056""]",Qwen/Qwen2.5-32B-Instruct-AWQ
q_050,dabd1687-dcf4-4237-bef8-bc3cb066e460,0,NISTIR 8312 outlines four principles for explainable artificial intelligence (XAI).,1,0,0.6417910447761194,1.0,SUPPORTED,1.0,The evidence provided clearly supports the claim that NISTIR 8312 outlines four principles for explainable AI. Both debaters cite relevant sections from the document that explicitly state the existence of these four principles.,"[""t3__us__nist__nistir_8312_explainable_ai__2020__rechunk_0001"", ""t3__us__nist__nistir_8312_explainable_ai__2020__rechunk_0011""]",Qwen/Qwen2.5-32B-Instruct-AWQ
q_050,8499300a-d793-46ff-8458-905c743ef8a3,1,"The first principle is transparency, which requires the system to provide clear explanations of its operations and decisions.",1,0,0.6417910447761194,0.5,PARTIAL,0.9,"The claim states that the first principle is 'transparency,' which requires the system to provide clear explanations of its operations and decisions. However, the evidence clearly identifies the first principle as 'Explanation,' not 'transparency.' While the principle 'Explanation' does involve providing evidence or reasons for outputs and processes, the specific wording of 'transparency' is not used in the evidence. Therefore, the claim is partially supported because the principle 'Explanation' aligns with the general idea of providing clear explanations, but the exact terminology used in the claim is not supported.","[""t3__us__nist__nistir_8312_explainable_ai__2020__rechunk_0001"", ""t3__us__nist__nistir_8312_explainable_ai__2020__rechunk_0011""]",Qwen/Qwen2.5-32B-Instruct-AWQ
q_050,2a019764-700e-4911-acfb-cd92ff747596,2,"The second principle is accuracy, which requires the explanations provided to be accurate and reflect the true nature of the system's operation.",1,0,0.6417910447761194,0.5,PARTIAL,0.9,"The claim states that the second principle is 'accuracy,' which is partially correct as 'Explanation Accuracy' is indeed one of the four principles mentioned in the evidence. However, the evidence does not explicitly confirm that 'Explanation Accuracy' is the second principle. The evidence lists the principles as 'Explanation,' 'Meaningful,' 'Explanation Accuracy,' and 'Knowledge Limits,' but does not definitively place 'Explanation Accuracy' as the second principle. Therefore, the claim is partially supported.","[""t3__us__nist__nistir_8312_explainable_ai__2020__rechunk_0011""]",Qwen/Qwen2.5-32B-Instruct-AWQ
q_050,7d6efc88-934d-44e7-81c8-20e74d0c49c2,3,"The third principle is reliability, which requires the explanations to be reliable and consistent across different contexts and conditions.",1,0,0.6417910447761194,0.0,NOT_SUPPORTED,1.0,"The evidence provided consistently lists the four principles of explainable AI as Explanation, Meaningful, Explanation Accuracy, and Knowledge Limits. The claim specifies that the third principle is 'reliability', which is not supported by the evidence. Therefore, the claim is not supported.","[""t3__us__nist__nistir_8312_explainable_ai__2020__rechunk_0001"", ""t3__us__nist__nistir_8312_explainable_ai__2020__rechunk_0011""]",Qwen/Qwen2.5-32B-Instruct-AWQ
q_050,7beb7294-3533-433b-8d42-2969580cdeeb,4,"The fourth principle is fairness, which requires the explanations to not discriminate against any individual or group based on protected characteristics.",1,0,0.6417910447761194,0.0,NOT_SUPPORTED,1.0,"The evidence provided clearly outlines the four principles of explainable AI as defined by NISTIR 8312: Explanation, Meaningful, Explanation Accuracy, and Knowledge Limits. None of the evidence mentions 'fairness' as the fourth principle or specifies that explanations should avoid discrimination based on protected characteristics. Therefore, the claim is not supported by the evidence.","[""t3__us__nist__nistir_8312_explainable_ai__2020__rechunk_0001"", ""t3__us__nist__nistir_8312_explainable_ai__2020__rechunk_0011"", ""t3__us__nist__nistir_8312_explainable_ai__2020__rechunk_0053""]",Qwen/Qwen2.5-32B-Instruct-AWQ
